method,model,aggregation,base_version,n_seeds,train_acc_mean,train_acc_std,valid_acc_mean,valid_acc_std,mrr_mean,mrr_std,hits_1_mean,hits_1_std,hits_3_mean,hits_3_std,hits_10_mean,hits_10_std,conformal_cov_a0.01_mean,conformal_cov_a0.01_std,conformal_size_a0.01_mean,conformal_size_a0.01_std,conformal_cov_a0.05_mean,conformal_cov_a0.05_std,conformal_size_a0.05_mean,conformal_size_a0.05_std,conformal_cov_a0.1_mean,conformal_cov_a0.1_std,conformal_size_a0.1_mean,conformal_size_a0.1_std
feature_translation,qwen,sum,fb237_v1_ind,10,0.634123,0.005352,0.516391,0.036177,0.612272,0.026002,0.504307,0.028102,0.666563,0.034867,0.816101,0.038811,0.992366,0.008756,107.98501,18.002059,0.952997,0.023858,32.25843,12.114068,0.899081,0.035767,13.05189,3.517998
lr_concat,qwen,sum,fb237_v1_ind,10,0.916945,0.002743,0.687408,0.023768,0.805799,0.020304,0.690087,0.028563,0.906196,0.020363,0.97195,0.017005,0.995731,0.006026,46.28731,27.092752,0.948057,0.023152,4.57824,1.162934,0.915757,0.028676,2.39074,0.288696
lr_subtract,qwen,sum,fb237_v1_ind,10,0.842746,0.004992,0.635976,0.031365,0.743416,0.024615,0.632926,0.031442,0.834685,0.03015,0.910942,0.021741,0.989981,0.008618,88.98163,35.227593,0.952317,0.01963,18.52517,5.684534,0.906099,0.031946,6.29966,1.199036
rf_concat,qwen,sum,fb237_v1_ind,10,0.905423,0.004047,0.644114,0.025453,0.753699,0.022709,0.63487,0.027695,0.854326,0.032987,0.932434,0.022554,0.997563,0.006216,116.54887,41.843238,0.960363,0.016973,12.54093,3.570692,0.915274,0.033954,5.44444,1.512801
rf_subtract,qwen,sum,fb237_v1_ind,10,0.877511,0.006146,0.534895,0.019814,0.637604,0.032802,0.512929,0.038968,0.725204,0.037403,0.842937,0.032154,1,0,142,0,0.966622,0.031074,77.70796,55.679982,0.900563,0.029853,16.94117,2.649476
lgbm_concat,qwen,sum,fb237_v1_ind,10,0.937821,0.002419,0.644349,0.029444,0.760816,0.020941,0.6486,0.031094,0.860575,0.015583,0.914331,0.020266,0.995731,0.004714,105.69767,14.407531,0.951423,0.024524,23.95199,12.480111,0.900591,0.030658,6.91761,2.002866
lgbm_subtract,qwen,sum,fb237_v1_ind,10,0.938371,0.002516,0.54777,0.02988,0.66059,0.020501,0.531027,0.026704,0.764726,0.030335,0.862908,0.020805,0.993301,0.007215,113.75695,20.033106,0.952381,0.017727,48.03577,14.640701,0.901079,0.02974,20.56138,7.076138
DistMult,qwen,sum,fb237_v1_ind,10,0.866707,0.020513,0.561444,0.019311,0.704842,0.030576,0.542794,0.036182,0.845923,0.040788,0.924389,0.027209,0.990122,0.01786,109.14366,43.588072,0.948249,0.022497,22.05808,8.229765,0.89448,0.036279,6.4202,2.148207
ComplEx,qwen,sum,fb237_v1_ind,10,0.870545,0.010675,0.560808,0.013473,0.707077,0.035032,0.543688,0.04592,0.85395,0.034908,0.928158,0.024992,0.992951,0.013647,121.36689,33.454709,0.950218,0.02737,18.95548,4.418028,0.901078,0.03971,7.36054,1.891371
RotatE,qwen,sum,fb237_v1_ind,10,0.871968,0.002523,0.560016,0.028265,0.694713,0.023399,0.536017,0.029949,0.834848,0.027847,0.902031,0.024544,1,0,142,0,0.988318,0.036942,129.81121,38.544338,0.898315,0.033275,14.18826,3.579159
IMC,qwen,sum,fb237_v1_ind,10,0.865929,0.010046,0.713057,0.020298,0.813769,0.019743,0.704764,0.022718,0.910525,0.023293,0.974778,0.012824,0.994794,0.00713,30.22731,20.891663,0.952803,0.023251,4.02776,0.961682,0.900556,0.043525,2.2626,0.334149
TyleR,qwen,sum,fb237_v1_ind,10,0.755154,0.046062,0.36722,0.043374,0.496418,0.034338,0.353758,0.029401,0.587227,0.053343,0.742654,0.049999,1,0,142,0,1,0,142,0,1,0,142,0
feature_translation,roberta,sum,fb237_v1_ind,10,0.642219,0.008351,0.525618,0.038312,0.625985,0.034373,0.50716,0.033615,0.698515,0.046687,0.847489,0.044831,0.995242,0.009253,114.46538,20.152424,0.954241,0.02145,26.47011,11.370239,0.896549,0.04363,10.80614,2.924934
lr_concat,roberta,sum,fb237_v1_ind,10,0.90869,0.00261,0.663475,0.036526,0.79594,0.018072,0.669654,0.025921,0.907167,0.021634,0.972417,0.014053,0.992888,0.011003,37.97616,21.393078,0.954366,0.014229,4.09186,0.56373,0.907054,0.024485,2.21362,0.192905
lr_subtract,roberta,sum,fb237_v1_ind,10,0.838768,0.004178,0.632077,0.031529,0.734978,0.030438,0.615371,0.033732,0.835249,0.036378,0.914797,0.020127,0.990466,0.008699,97.45399,32.03808,0.953312,0.015197,17.53121,4.420073,0.904313,0.032136,5.71194,0.986743
rf_concat,roberta,sum,fb237_v1_ind,10,0.891885,0.004989,0.627577,0.020525,0.736606,0.028529,0.617336,0.031791,0.832021,0.032085,0.917599,0.019553,0.995196,0.005992,100.64553,43.60606,0.953231,0.032092,14.68547,6.445707,0.906678,0.030696,6.6242,1.981224
rf_subtract,roberta,sum,fb237_v1_ind,10,0.874086,0.008341,0.541387,0.036758,0.647675,0.026464,0.524566,0.030314,0.735823,0.035706,0.844791,0.02745,1,0,142,0,0.964161,0.024606,60.85323,43.891863,0.899084,0.040086,16.15433,3.284576
lgbm_concat,roberta,sum,fb237_v1_ind,10,0.93787,0.00235,0.640599,0.026147,0.752685,0.021298,0.633927,0.028595,0.857293,0.028542,0.913284,0.019214,0.992901,0.009763,94.30286,31.719181,0.95243,0.023307,22.40421,7.161749,0.89667,0.0314,6.39238,2.091855
lgbm_subtract,roberta,sum,fb237_v1_ind,10,0.938371,0.002516,0.550685,0.0345,0.669511,0.039338,0.543003,0.048308,0.775272,0.040945,0.855629,0.029182,0.99289,0.008411,106.84587,15.681939,0.944122,0.025556,41.20041,8.552783,0.890315,0.038331,17.51475,4.324431
DistMult,roberta,sum,fb237_v1_ind,10,0.86266,0.021877,0.54603,0.029744,0.690238,0.033367,0.523281,0.051699,0.836794,0.021781,0.924727,0.017104,0.996228,0.006173,118.76364,28.003668,0.947225,0.023976,26.35168,10.74214,0.897223,0.022232,8.22254,2.304195
ComplEx,roberta,sum,fb237_v1_ind,10,0.859971,0.026814,0.551817,0.038568,0.689074,0.032456,0.524664,0.038456,0.830344,0.040127,0.923992,0.020901,0.996729,0.008825,133.75093,20.369298,0.95676,0.020475,31.62794,9.767965,0.898688,0.024608,8.64229,2.271729
RotatE,roberta,sum,fb237_v1_ind,10,0.872572,0.002456,0.54996,0.035193,0.681955,0.03634,0.522652,0.05063,0.819675,0.032238,0.906065,0.023951,1,0,142,0,1,0,142,0,0.898447,0.028149,18.61893,5.126802
IMC,roberta,sum,fb237_v1_ind,10,0.861347,0.007929,0.7062,0.031282,0.804047,0.026114,0.684939,0.036899,0.911029,0.019416,0.977198,0.013056,0.997178,0.004523,30.35737,21.248462,0.961988,0.010641,4.32736,0.907933,0.910061,0.020698,2.18295,0.195671
TyleR,roberta,sum,fb237_v1_ind,10,0.764589,0.050532,0.374242,0.027738,0.511426,0.026034,0.368236,0.039481,0.607769,0.025911,0.757744,0.029149,1,0,142,0,1,0,142,0,1,0,142,0
feature_translation,qwen,sum,fb237_v2_ind,10,0.55662,0.006887,0.468371,0.024376,0.587499,0.017563,0.467102,0.020224,0.657709,0.019441,0.791236,0.019108,0.994076,0.005292,105.75782,19.538015,0.955632,0.017169,36.64684,8.122498,0.901034,0.018054,15.82501,2.984396
lr_concat,qwen,sum,fb237_v2_ind,10,0.876529,0.003163,0.674384,0.016974,0.798533,0.012832,0.671415,0.016165,0.912483,0.013135,0.974829,0.007373,0.994924,0.0041,26.64003,7.679756,0.951588,0.011198,3.35762,0.396728,0.888165,0.016136,1.76496,0.102477
lr_subtract,qwen,sum,fb237_v2_ind,10,0.781408,0.002921,0.616565,0.016969,0.735779,0.017737,0.619471,0.024798,0.825604,0.016897,0.912316,0.01162,0.992392,0.005125,77.48374,23.104943,0.948826,0.016194,12.51272,2.550067,0.894026,0.016933,4.8908,0.874284
rf_concat,qwen,sum,fb237_v2_ind,10,0.854824,0.005013,0.616538,0.01849,0.742379,0.018526,0.608365,0.022924,0.854134,0.02022,0.930413,0.014829,0.99491,0.006561,117.77298,57.462749,0.95049,0.010336,10.30276,1.542697,0.897879,0.016289,3.92486,0.574458
rf_subtract,qwen,sum,fb237_v2_ind,10,0.834359,0.005648,0.503388,0.018958,0.636573,0.026195,0.505484,0.029688,0.72904,0.027571,0.848406,0.023379,0.998109,0.005979,162.05252,31.456694,0.949024,0.018726,32.39871,8.317554,0.898923,0.019853,14.77236,2.028183
lgbm_concat,qwen,sum,fb237_v2_ind,10,0.913544,0.001012,0.617332,0.019292,0.745538,0.01275,0.614192,0.010688,0.864997,0.016285,0.917338,0.014777,0.993445,0.006651,106.95639,23.580743,0.949409,0.014382,20.22542,7.614303,0.897852,0.016565,5.04373,1.247916
lgbm_subtract,qwen,sum,fb237_v2_ind,10,0.914267,0.00147,0.518149,0.011735,0.652048,0.022868,0.513772,0.022695,0.76056,0.027067,0.858594,0.023966,0.991517,0.007005,117.73027,14.026188,0.947312,0.012719,45.98303,10.958545,0.893101,0.021314,16.90001,3.225856
DistMult,qwen,sum,fb237_v2_ind,10,0.807928,0.032188,0.55243,0.016552,0.70047,0.013926,0.527161,0.021119,0.868418,0.020479,0.947505,0.013204,0.991307,0.004647,68.71773,15.957702,0.952627,0.012839,9.88345,4.338047,0.903292,0.017883,3.39128,0.4694
ComplEx,qwen,sum,fb237_v2_ind,10,0.8173,0.015267,0.551542,0.014353,0.700462,0.015726,0.525553,0.015973,0.867198,0.02074,0.950265,0.014439,0.992158,0.005528,72.11717,20.573625,0.950752,0.013493,9.38311,3.184094,0.902268,0.016102,3.42811,0.422708
RotatE,qwen,sum,fb237_v2_ind,10,0.816392,0.005137,0.56011,0.019448,0.700143,0.021251,0.530276,0.031357,0.862341,0.019727,0.93971,0.008095,0.995951,0.006013,117.12081,58.353144,0.947982,0.013839,12.44758,4.248509,0.899363,0.012921,4.86275,0.889755
IMC,qwen,sum,fb237_v2_ind,10,0.845968,0.010528,0.694382,0.013465,0.803355,0.010501,0.679221,0.013565,0.918007,0.010626,0.976513,0.00446,0.995344,0.004824,21.35194,5.721147,0.947998,0.01332,3.0269,0.610616,0.891968,0.017197,1.74027,0.081212
TyleR,qwen,sum,fb237_v2_ind,10,0.739186,0.026775,0.48297,0.027453,0.625725,0.021173,0.489265,0.02061,0.725765,0.03521,0.849055,0.020964,1,0,172,0,1,0,172,0,1,0,172,0
feature_translation,roberta,sum,fb237_v2_ind,10,0.561916,0.002873,0.481005,0.01612,0.606574,0.016565,0.488877,0.021586,0.675537,0.019605,0.818969,0.011221,0.996392,0.002851,115.82585,11.180981,0.953765,0.014034,27.41442,9.270423,0.898251,0.018083,11.4057,1.727609
lr_concat,roberta,sum,fb237_v2_ind,10,0.86061,0.003128,0.661794,0.024147,0.78721,0.01095,0.659723,0.015858,0.901539,0.014418,0.967889,0.010297,0.994721,0.006749,31.4252,9.396196,0.944031,0.01303,3.75076,0.530093,0.895592,0.011859,2.01065,0.153517
lr_subtract,roberta,sum,fb237_v2_ind,10,0.769534,0.003543,0.612237,0.017328,0.729456,0.015917,0.611001,0.019029,0.82197,0.017725,0.912736,0.01513,0.993691,0.005193,77.77148,18.913057,0.951198,0.016135,13.42292,3.50732,0.902524,0.014616,5.47605,0.961793
rf_concat,roberta,sum,fb237_v2_ind,10,0.835613,0.003097,0.613991,0.015602,0.743315,0.017356,0.614702,0.022404,0.849496,0.01563,0.931083,0.009813,0.995959,0.005998,123.67842,62.597215,0.950113,0.008075,10.09145,1.692591,0.897515,0.013127,3.96438,0.511153
rf_subtract,roberta,sum,fb237_v2_ind,10,0.821234,0.003626,0.514305,0.015751,0.637587,0.020177,0.506571,0.021878,0.731606,0.025554,0.843638,0.014915,0.99895,0.003322,162.88929,28.810595,0.95218,0.012163,34.77386,5.444883,0.904982,0.019534,15.21575,2.717735
lgbm_concat,roberta,sum,fb237_v2_ind,10,0.913495,0.001385,0.60907,0.019393,0.735541,0.015621,0.602339,0.01413,0.853375,0.023314,0.914637,0.016856,0.992574,0.007446,101.47714,30.36828,0.947134,0.018205,19.79864,6.948594,0.894265,0.023585,5.17131,1.486593
lgbm_subtract,roberta,sum,fb237_v2_ind,10,0.914507,0.00122,0.514033,0.018549,0.64473,0.019707,0.505127,0.020801,0.756127,0.022086,0.851026,0.02031,0.99174,0.005973,119.23783,15.264676,0.947079,0.013738,42.98675,9.465256,0.892568,0.014568,16.61649,3.035442
DistMult,roberta,sum,fb237_v2_ind,10,0.829141,0.006321,0.53187,0.013734,0.685634,0.01512,0.507404,0.019983,0.855179,0.013783,0.938899,0.012649,0.991123,0.004342,75.89898,15.527621,0.948821,0.012469,11.44618,3.158483,0.900412,0.012645,4.21863,0.5735
ComplEx,roberta,sum,fb237_v2_ind,10,0.818704,0.017562,0.534196,0.016468,0.689954,0.016855,0.518163,0.019765,0.852202,0.018012,0.936988,0.018177,0.992197,0.006097,75.28404,10.342031,0.955196,0.011125,14.04136,5.043221,0.899743,0.020025,4.53547,0.996916
RotatE,roberta,sum,fb237_v2_ind,10,0.812081,0.009366,0.544251,0.015159,0.686631,0.020603,0.52042,0.026457,0.840586,0.019222,0.925572,0.012143,1,0,172,0,0.9491,0.00705,22.45258,5.343765,0.893035,0.017827,7.94821,1.77229
IMC,roberta,sum,fb237_v2_ind,10,0.827966,0.016727,0.678947,0.019796,0.792215,0.009186,0.667142,0.012827,0.904688,0.012562,0.971671,0.008062,0.99049,0.007797,21.08958,8.847166,0.944662,0.015187,3.45339,0.613374,0.892757,0.013368,1.9948,0.185964
TyleR,roberta,sum,fb237_v2_ind,10,0.730488,0.020991,0.479675,0.030534,0.615808,0.024106,0.473514,0.028125,0.722121,0.02644,0.84294,0.018441,1,0,172,0,1,0,172,0,1,0,172,0
feature_translation,qwen,sum,fb237_v3_ind,10,0.533674,0.002541,0.490051,0.018665,0.588378,0.009886,0.492594,0.010546,0.63354,0.013482,0.766473,0.013275,0.990396,0.004055,109.10091,12.546311,0.954558,0.007152,47.83279,5.815332,0.9045,0.011707,20.3585,1.768441
lr_concat,qwen,sum,fb237_v3_ind,10,0.870998,0.001367,0.724918,0.011723,0.827406,0.00771,0.722529,0.010522,0.924726,0.00938,0.980466,0.004125,0.991782,0.004527,13.54889,6.555899,0.951904,0.014611,2.79759,0.421392,0.895745,0.018983,1.6682,0.083953
lr_subtract,qwen,sum,fb237_v3_ind,10,0.777271,0.002888,0.679993,0.009545,0.767006,0.008831,0.668762,0.011945,0.844517,0.009988,0.918206,0.007295,0.989733,0.006397,50.92326,15.668738,0.953178,0.011945,10.48145,1.983475,0.896991,0.015475,4.02712,0.733273
rf_concat,qwen,sum,fb237_v3_ind,10,0.826566,0.007598,0.6859,0.012264,0.783013,0.013345,0.680196,0.016534,0.863352,0.013827,0.941956,0.006111,0.99338,0.003294,53.99676,18.420502,0.952158,0.010147,7.95159,1.476457,0.902922,0.013375,3.36937,0.361895
rf_subtract,qwen,sum,fb237_v3_ind,10,0.807234,0.003378,0.570646,0.01521,0.673149,0.010117,0.563394,0.011935,0.750045,0.013147,0.861435,0.015702,0.995887,0.006807,150.37516,52.685195,0.949969,0.011958,27.12,5.91402,0.901341,0.015348,12.25787,0.965292
lgbm_concat,qwen,sum,fb237_v3_ind,10,0.92996,0.00162,0.681982,0.011331,0.787845,0.009287,0.682787,0.008494,0.883233,0.014088,0.929435,0.012743,0.99133,0.006558,81.33317,20.62696,0.948171,0.01123,13.00211,4.958986,0.898328,0.014846,3.23992,0.698511
lgbm_subtract,qwen,sum,fb237_v3_ind,10,0.930177,0.001678,0.577796,0.012683,0.697477,0.010503,0.578937,0.012438,0.791054,0.012029,0.882012,0.00981,0.990523,0.005449,106.96428,12.012221,0.947349,0.010884,36.15924,9.347883,0.896732,0.013548,11.35082,2.167408
DistMult,qwen,sum,fb237_v3_ind,10,0.854997,0.004185,0.621435,0.009515,0.755491,0.008005,0.608201,0.008659,0.888158,0.013442,0.964699,0.006027,0.992597,0.003585,44.04728,13.677186,0.946354,0.013772,4.7966,0.81425,0.894265,0.01723,2.43454,0.17476
ComplEx,qwen,sum,fb237_v3_ind,10,0.851212,0.010701,0.62328,0.011465,0.753999,0.010677,0.608166,0.013631,0.88278,0.013847,0.96472,0.004781,0.992365,0.003839,38.82688,11.763917,0.944174,0.01396,4.82148,1.107085,0.896656,0.0191,2.45149,0.1483
RotatE,qwen,sum,fb237_v3_ind,10,0.840112,0.009357,0.62244,0.011393,0.750627,0.011749,0.60555,0.015597,0.879244,0.013804,0.961165,0.005255,0.992016,0.004168,51.89867,16.587184,0.948755,0.014711,6.24169,1.443804,0.891052,0.016736,2.8315,0.303026
IMC,qwen,sum,fb237_v3_ind,10,0.86022,0.011026,0.732534,0.014748,0.827978,0.009738,0.724888,0.012075,0.926307,0.008254,0.982641,0.004457,0.991448,0.005431,11.02016,3.672291,0.950791,0.015898,2.64699,0.369318,0.898919,0.017803,1.6591,0.100109
TyleR,qwen,sum,fb237_v3_ind,10,0.747598,0.020733,0.560633,0.030137,0.675141,0.016198,0.548741,0.017491,0.769419,0.023362,0.883286,0.010923,1,0,183,0,1,0,183,0,1,0,183,0
feature_translation,roberta,sum,fb237_v3_ind,10,0.561144,0.003332,0.512826,0.019559,0.612591,0.014063,0.510332,0.017962,0.664941,0.012351,0.808179,0.017014,0.992467,0.004643,102.10323,10.298327,0.951217,0.007656,29.2697,4.567411,0.900172,0.012814,12.8947,1.028582
lr_concat,roberta,sum,fb237_v3_ind,10,0.853454,0.001402,0.716392,0.008718,0.814964,0.009993,0.709878,0.013185,0.90656,0.011427,0.97419,0.005925,0.992116,0.002721,15.068,4.495049,0.950326,0.015069,3.36939,0.809792,0.897077,0.014126,1.86173,0.108185
lr_subtract,roberta,sum,fb237_v3_ind,10,0.763638,0.001799,0.669393,0.016133,0.760279,0.012189,0.663402,0.015799,0.833806,0.012487,0.915724,0.009033,0.990182,0.004489,56.23571,17.555986,0.95522,0.008966,11.2578,2.197797,0.89916,0.011352,4.47362,0.578459
rf_concat,roberta,sum,fb237_v3_ind,10,0.835964,0.004942,0.69028,0.013971,0.781702,0.010835,0.681081,0.013584,0.861789,0.012506,0.939023,0.007228,0.991647,0.005269,58.73304,45.714493,0.94928,0.007345,8.19761,1.605915,0.899044,0.015454,3.4627,0.442726
rf_subtract,roberta,sum,fb237_v3_ind,10,0.821842,0.003897,0.576966,0.015334,0.683785,0.012655,0.577908,0.014137,0.752118,0.01594,0.865246,0.013095,0.996127,0.006265,152.37209,49.345888,0.951837,0.011885,26.43758,6.034286,0.904354,0.014707,12.182,1.376349
lgbm_concat,roberta,sum,fb237_v3_ind,10,0.930068,0.001624,0.674379,0.010675,0.777626,0.012912,0.670009,0.013806,0.874932,0.016378,0.924737,0.011727,0.991778,0.006325,85.68623,17.927897,0.950544,0.013026,15.67626,5.282544,0.900413,0.01903,3.74046,0.814309
lgbm_subtract,roberta,sum,fb237_v3_ind,10,0.930163,0.001671,0.575955,0.012256,0.692029,0.011777,0.575679,0.012416,0.77982,0.012739,0.877596,0.009902,0.992694,0.003882,109.43604,11.505133,0.953082,0.007379,39.12201,7.134289,0.90032,0.011556,12.68001,1.978083
DistMult,roberta,sum,fb237_v3_ind,10,0.84694,0.011159,0.617353,0.008874,0.739718,0.011327,0.5947,0.013617,0.867558,0.014474,0.95616,0.007555,0.991325,0.004371,50.55064,15.303449,0.947714,0.011009,6.60625,1.424685,0.894956,0.013459,2.98296,0.252505
ComplEx,roberta,sum,fb237_v3_ind,10,0.84167,0.016357,0.617495,0.011986,0.741783,0.011483,0.599125,0.014309,0.863211,0.015806,0.954573,0.008228,0.990294,0.006251,65.35983,45.200392,0.947378,0.012553,7.09185,1.851608,0.897819,0.015845,3.042,0.252831
RotatE,roberta,sum,fb237_v3_ind,10,0.826645,0.006418,0.623476,0.009642,0.742487,0.013686,0.607493,0.01683,0.8577,0.013836,0.948186,0.009908,0.99245,0.005454,85.9398,52.050709,0.947683,0.013474,10.23965,3.889869,0.895325,0.018212,3.91363,0.415315
IMC,roberta,sum,fb237_v3_ind,10,0.837253,0.007427,0.724692,0.011672,0.815215,0.009044,0.710014,0.011671,0.907358,0.011398,0.974524,0.004642,0.992915,0.003486,15.07964,8.316008,0.951808,0.013378,3.31463,0.748457,0.897671,0.013964,1.82968,0.087421
TyleR,roberta,sum,fb237_v3_ind,10,0.759303,0.014898,0.573275,0.020379,0.675336,0.016984,0.553897,0.023309,0.76894,0.014348,0.879093,0.01026,1,0,183,0,1,0,183,0,1,0,183,0
