model,aggregation,version,k,lambda,bias,n_seeds,valid_mrr_mean,valid_mrr_std,test_mrr_mean,test_mrr_std,valid_acc_mean,valid_acc_std,test_acc_mean,test_acc_std,hits_1_mean,hits_1_std,hits_3_mean,hits_3_std,hits_10_mean,hits_10_std,train_acc_mean,train_time_mean
qwen,sum,fb237_v3_ind,200,100,96,3,0.8316,0.005302,0.8259,0.002751,0.7297,0.007087,0.720767,0.005896,0.720767,0.005896,0.9231,0.011301,0.981267,0.004648,0.8667,729.9
qwen,sum,fb237_v3_ind,175,100,64,3,0.8299,0.006154,0.825533,0.00533,0.730467,0.006198,0.7219,0.008052,0.7219,0.008052,0.917033,0.009012,0.980467,0.006048,0.844867,659.4
qwen,sum,fb237_v3_ind,75,100,32,3,0.8309,0.004686,0.824167,0.010204,0.731233,0.004646,0.719633,0.019126,0.719633,0.019126,0.920067,0.009281,0.980467,0.006048,0.853267,316.8
qwen,sum,fb237_v3_ind,150,100,32,3,0.829467,0.00509,0.824033,0.003821,0.727767,0.004446,0.7192,0.006502,0.7192,0.006502,0.918533,0.007537,0.979733,0.005445,0.8532,571.966667
qwen,sum,fb237_v3_ind,150,100,64,3,0.833,0.007674,0.823933,0.006728,0.733933,0.009236,0.718833,0.008406,0.718833,0.008406,0.920067,0.010529,0.980867,0.004607,0.857,574.8
qwen,sum,fb237_v3_ind,200,100,64,3,0.836133,0.003955,0.823733,0.009857,0.739267,0.004535,0.719233,0.013578,0.719233,0.013578,0.9174,0.011876,0.9805,0.004979,0.857533,702.3
qwen,sum,fb237_v3_ind,125,100,80,3,0.830933,0.005816,0.8233,0.007333,0.731233,0.00855,0.7177,0.009042,0.7177,0.009042,0.9185,0.01204,0.980467,0.006048,0.8574,490.6
qwen,sum,fb237_v3_ind,175,100,80,3,0.8324,0.007562,0.822933,0.008585,0.731233,0.011511,0.716167,0.013408,0.716167,0.013408,0.9212,0.010903,0.9801,0.005112,0.860767,661.7
qwen,sum,fb237_v3_ind,125,100,48,3,0.8319,0.0061,0.8228,0.008067,0.7312,0.006509,0.7173,0.012338,0.7173,0.012338,0.920033,0.013351,0.978567,0.003262,0.866933,480.266667
qwen,sum,fb237_v3_ind,50,100,64,3,0.829767,0.003753,0.8226,0.006954,0.729267,0.003386,0.718467,0.009603,0.718467,0.009603,0.920067,0.010196,0.9778,0.003672,0.8561,234.466667
qwen,sum,fb237_v3_ind,75,100,48,3,0.8294,0.003148,0.822567,0.00917,0.727367,0.00325,0.7162,0.012811,0.7162,0.012811,0.9216,0.007318,0.979333,0.006979,0.8669,318.833333
qwen,sum,fb237_v3_ind,200,100,32,3,0.8283,0.004939,0.8223,0.007155,0.727,0.00453,0.717333,0.012881,0.717333,0.012881,0.9166,0.005393,0.978167,0.007939,0.848667,686.933333
qwen,sum,fb237_v3_ind,200,100,48,3,0.8317,0.0014,0.8222,0.002307,0.730067,0.003066,0.715,0.00275,0.715,0.00275,0.920467,0.01246,0.981267,0.005623,0.8618,701.8
qwen,sum,fb237_v3_ind,200,100,80,3,0.831867,0.005397,0.822,0.006413,0.730833,0.006852,0.715033,0.00841,0.715033,0.00841,0.9189,0.010224,0.9805,0.005976,0.861433,723.133333
qwen,sum,fb237_v3_ind,100,100,64,3,0.831667,0.003691,0.821567,0.005979,0.733133,0.004124,0.714667,0.006842,0.714667,0.006842,0.920067,0.010189,0.979733,0.006298,0.864433,402.366667
qwen,sum,fb237_v3_ind,100,100,32,3,0.830733,0.004497,0.821567,0.00408,0.7293,0.006421,0.714633,0.00898,0.714633,0.00898,0.918533,0.006917,0.9805,0.004161,0.8571,406.5
qwen,sum,fb237_v3_ind,150,100,96,3,0.8337,0.007337,0.8215,0.010753,0.7343,0.008977,0.715,0.013367,0.715,0.013367,0.920433,0.013608,0.9801,0.00459,0.863033,578.366667
qwen,sum,fb237_v3_ind,125,100,16,3,0.8294,0.004045,0.821133,0.011208,0.730067,0.007015,0.714667,0.019111,0.714667,0.019111,0.9193,0.006324,0.977067,0.006341,0.855267,481.666667
qwen,sum,fb237_v3_ind,50,100,32,3,0.8273,0.004875,0.821133,0.004941,0.725467,0.007015,0.7135,0.006976,0.7135,0.006976,0.9208,0.003905,0.980133,0.004748,0.859233,232.7
qwen,sum,fb237_v3_ind,175,100,48,3,0.831833,0.005564,0.821,0.0051,0.730867,0.008591,0.7131,0.005242,0.7131,0.005242,0.9189,0.006243,0.980867,0.004336,0.8654,650.9
qwen,sum,fb237_v3_ind,100,100,96,3,0.829,0.00291,0.820933,0.008565,0.728133,0.003683,0.713867,0.013959,0.713867,0.013959,0.920067,0.00753,0.980867,0.00435,0.870733,402.9
qwen,sum,fb237_v3_ind,50,100,96,3,0.830667,0.001756,0.8209,0.002107,0.730067,0.001721,0.7146,0.002594,0.7146,0.002594,0.920067,0.009281,0.981233,0.006611,0.874267,234.866667
qwen,sum,fb237_v3_ind,150,100,80,3,0.834033,0.00596,0.8205,0.004592,0.737,0.008602,0.714633,0.007193,0.714633,0.007193,0.9147,0.003835,0.981633,0.005001,0.859033,573.833333
qwen,sum,fb237_v3_ind,100,100,80,3,0.831067,0.00486,0.8204,0.008088,0.7301,0.008323,0.713133,0.012977,0.713133,0.012977,0.915833,0.010601,0.979733,0.002815,0.863233,406.233333
qwen,sum,fb237_v3_ind,175,100,96,3,0.831033,0.003482,0.8203,0.005356,0.7308,0.005803,0.715,0.008052,0.715,0.008052,0.9174,0.008486,0.979333,0.0034,0.869,660.3
qwen,sum,fb237_v3_ind,75,100,80,3,0.831833,0.005607,0.820267,0.008667,0.732,0.007184,0.713133,0.013208,0.713133,0.013208,0.919667,0.010403,0.9801,0.00459,0.860933,320.866667
qwen,sum,fb237_v3_ind,200,100,16,3,0.825367,0.005807,0.820233,0.006808,0.721667,0.006307,0.715433,0.01002,0.715433,0.01002,0.9151,0.003989,0.9759,0.005976,0.852767,678.666667
qwen,sum,fb237_v3_ind,175,100,32,3,0.8282,0.006509,0.819767,0.00964,0.725067,0.007398,0.711967,0.01684,0.711967,0.01684,0.918933,0.007351,0.978567,0.006322,0.857567,652.833333
qwen,sum,fb237_v3_ind,150,100,48,3,0.829267,0.003927,0.8196,0.004912,0.726633,0.005712,0.7112,0.006701,0.7112,0.006701,0.917767,0.009835,0.978167,0.007939,0.869133,578.366667
qwen,sum,fb237_v3_ind,125,100,96,3,0.836233,0.004384,0.819433,0.007701,0.7385,0.007006,0.710433,0.010289,0.710433,0.010289,0.919667,0.006951,0.9824,0.00459,0.857167,484.5
qwen,sum,fb237_v3_ind,50,100,48,3,0.829233,0.008846,0.819333,0.004392,0.7297,0.01122,0.711567,0.004775,0.711567,0.004775,0.917,0.006879,0.9801,0.005112,0.8621,234.5
qwen,sum,fb237_v3_ind,175,100,16,3,0.825767,0.003803,0.819267,0.005801,0.723567,0.005575,0.713133,0.010715,0.713133,0.010715,0.914733,0.003592,0.978567,0.008448,0.851333,645.7
qwen,sum,fb237_v3_ind,75,100,64,3,0.830533,0.003607,0.819233,0.005198,0.7274,0.007436,0.710033,0.008193,0.710033,0.008193,0.920833,0.008869,0.9801,0.00669,0.8663,315.266667
qwen,sum,fb237_v3_ind,125,100,64,3,0.832,0.002193,0.8188,0.008613,0.730033,0.002663,0.7093,0.012811,0.7093,0.012811,0.9212,0.00845,0.981267,0.004648,0.869967,482.733333
qwen,sum,fb237_v3_ind,75,100,96,3,0.8292,0.005839,0.818667,0.010232,0.7274,0.007451,0.710467,0.016855,0.710467,0.016855,0.918933,0.007489,0.980867,0.003963,0.873167,319.966667
qwen,sum,fb237_v3_ind,50,100,16,3,0.827,0.009034,0.818167,0.00758,0.726267,0.011807,0.711967,0.009042,0.711967,0.009042,0.911667,0.006146,0.977833,0.006983,0.844167,234.766667
qwen,sum,fb237_v3_ind,100,100,48,3,0.831233,0.004215,0.818167,0.005564,0.730433,0.005316,0.708133,0.008292,0.708133,0.008292,0.921967,0.006014,0.981267,0.004648,0.868833,401.166667
qwen,sum,fb237_v3_ind,75,100,16,3,0.8249,0.008007,0.817867,0.005958,0.7224,0.010355,0.712333,0.01282,0.712333,0.01282,0.9128,0.010209,0.976267,0.008468,0.849033,317.3
qwen,sum,fb237_v3_ind,150,100,16,3,0.827167,0.00832,0.817567,0.00402,0.7247,0.010355,0.708867,0.004153,0.708867,0.004153,0.918533,0.006263,0.978567,0.003262,0.846633,568.733333
qwen,sum,fb237_v3_ind,125,100,32,3,0.830567,0.005859,0.817467,0.005762,0.730067,0.009136,0.707733,0.010441,0.707733,0.010441,0.917367,0.008896,0.978567,0.007246,0.859033,488.366667
qwen,sum,fb237_v3_ind,100,100,16,3,0.826067,0.007954,0.817367,0.009242,0.724333,0.009173,0.708533,0.015051,0.708533,0.015051,0.917,0.004122,0.976667,0.007612,0.8554,403.066667
qwen,sum,fb237_v3_ind,200,50,96,3,0.822033,0.005258,0.816533,0.005955,0.714,0.009462,0.705833,0.006469,0.705833,0.006469,0.918933,0.013184,0.978933,0.004772,0.900767,707.8
qwen,sum,fb237_v3_ind,100,50,64,3,0.821233,0.007485,0.816133,0.014076,0.717433,0.013261,0.7078,0.023561,0.7078,0.023561,0.912433,0.004072,0.976267,0.007246,0.8845,401.1
qwen,sum,fb237_v3_ind,50,100,80,3,0.828533,0.0039,0.816033,0.005705,0.728533,0.006852,0.7066,0.010834,0.7066,0.010834,0.918167,0.007865,0.9801,0.002427,0.857067,234.5
qwen,sum,fb237_v3_ind,150,50,48,3,0.8207,0.004204,0.8159,0.011346,0.7128,0.004176,0.707767,0.017711,0.707767,0.017711,0.913167,0.007389,0.9744,0.009753,0.8963,573.233333
qwen,sum,fb237_v3_ind,150,50,96,3,0.822267,0.004652,0.8158,0.00694,0.714733,0.006959,0.705433,0.008736,0.705433,0.008736,0.917,0.01085,0.978167,0.003955,0.8978,579.766667
qwen,sum,fb237_v3_ind,175,50,80,3,0.821067,0.006974,0.815067,0.00778,0.7136,0.010755,0.7047,0.011612,0.7047,0.011612,0.918933,0.007301,0.976667,0.004648,0.901,649.533333
qwen,sum,fb237_v3_ind,75,50,32,3,0.819033,0.006152,0.814967,0.0081,0.713967,0.013934,0.707367,0.012708,0.707367,0.012708,0.9124,0.01198,0.975167,0.00363,0.884333,318.466667
qwen,sum,fb237_v3_ind,50,50,16,3,0.8167,0.011605,0.8149,0.011758,0.7132,0.015117,0.707,0.01545,0.707,0.01545,0.915867,0.01429,0.976267,0.004607,0.865367,233.166667
qwen,sum,fb237_v3_ind,175,50,48,3,0.819633,0.007959,0.8149,0.009536,0.7136,0.010835,0.7051,0.018176,0.7051,0.018176,0.916233,0.006093,0.973233,0.004748,0.886567,648.066667
qwen,sum,fb237_v3_ind,50,50,32,3,0.818267,0.007312,0.814133,0.006529,0.7136,0.009786,0.705433,0.009865,0.705433,0.009865,0.917733,0.010408,0.974367,0.003667,0.858667,234.5
qwen,sum,fb237_v3_ind,75,50,48,3,0.817967,0.009349,0.813933,0.008201,0.713967,0.014595,0.7062,0.008585,0.7062,0.008585,0.913967,0.014751,0.9763,0.004732,0.852767,317.666667
qwen,sum,fb237_v3_ind,100,50,32,3,0.8196,0.004464,0.8137,0.008062,0.713567,0.005119,0.7066,0.015571,0.7066,0.015571,0.909333,0.007915,0.974367,0.004765,0.8649,401.533333
qwen,sum,fb237_v3_ind,200,50,80,3,0.821833,0.006735,0.813633,0.003424,0.714367,0.010498,0.700467,0.004124,0.700467,0.004124,0.917367,0.006951,0.977033,0.005001,0.894567,740.433333
qwen,sum,fb237_v3_ind,200,50,64,3,0.820633,0.00717,0.813433,0.008205,0.7136,0.009231,0.702033,0.010661,0.702033,0.010661,0.918167,0.011399,0.975533,0.007826,0.900267,730.366667
qwen,sum,fb237_v3_ind,150,50,80,3,0.8202,0.005903,0.8132,0.005205,0.710933,0.009916,0.702,0.004681,0.702,0.004681,0.917033,0.008225,0.976267,0.004607,0.897667,580.766667
qwen,sum,fb237_v3_ind,125,50,32,3,0.817867,0.006959,0.813067,0.010551,0.710133,0.008739,0.7005,0.018169,0.7005,0.018169,0.915467,0.009343,0.979733,0.002346,0.890333,482.4
qwen,sum,fb237_v3_ind,125,50,80,3,0.817433,0.00724,0.812967,0.006841,0.705167,0.0122,0.700467,0.009074,0.700467,0.009074,0.918167,0.012931,0.977067,0.00526,0.911867,487.166667
qwen,sum,fb237_v3_ind,100,50,96,3,0.817833,0.003496,0.8127,0.014155,0.708567,0.007032,0.7005,0.022212,0.7005,0.022212,0.9143,0.010224,0.977467,0.006888,0.899267,403.533333
qwen,sum,fb237_v3_ind,200,50,32,3,0.818533,0.006908,0.8124,0.007292,0.711667,0.008451,0.698567,0.010897,0.698567,0.010897,0.917,0.006879,0.9759,0.005205,0.896033,729.5
qwen,sum,fb237_v3_ind,150,50,32,3,0.8162,0.006534,0.812367,0.011021,0.707067,0.007941,0.701633,0.017398,0.701633,0.017398,0.9128,0.007885,0.976667,0.005623,0.896,573.4
qwen,sum,fb237_v3_ind,75,500,96,3,0.8163,0.008337,0.812267,0.007617,0.716667,0.009771,0.7131,0.015974,0.7131,0.015974,0.8967,0.003639,0.968633,0.005871,0.760567,318.233333
qwen,sum,fb237_v3_ind,150,500,96,3,0.817333,0.008545,0.812133,0.003785,0.720467,0.00879,0.711533,0.007572,0.711533,0.007572,0.895933,0.00195,0.9671,0.006365,0.757,575.066667
qwen,sum,fb237_v3_ind,75,50,16,3,0.818433,0.008208,0.811933,0.011304,0.713233,0.010121,0.7032,0.018793,0.7032,0.018793,0.9074,0.012297,0.976667,0.005164,0.876133,316.833333
qwen,sum,fb237_v3_ind,125,500,96,3,0.8159,0.009666,0.811467,0.006261,0.716667,0.014332,0.710433,0.014742,0.710433,0.014742,0.895967,0.0038,0.967467,0.006371,0.756033,478.433333
qwen,sum,fb237_v3_ind,175,50,32,3,0.815533,0.008796,0.811467,0.006165,0.704433,0.012451,0.697433,0.008193,0.697433,0.008193,0.918933,0.007895,0.976267,0.007246,0.902233,653.266667
qwen,sum,fb237_v3_ind,100,50,80,3,0.8203,0.004616,0.8113,0.009881,0.714333,0.00614,0.700067,0.012759,0.700067,0.012759,0.9143,0.016259,0.976667,0.005882,0.8999,406.8
qwen,sum,fb237_v3_ind,75,50,64,3,0.817933,0.006504,0.811067,0.007139,0.7109,0.008577,0.698167,0.00879,0.698167,0.00879,0.913967,0.004917,0.977033,0.00715,0.893967,319.1
qwen,sum,fb237_v3_ind,175,50,96,3,0.820133,0.00405,0.811,0.005667,0.709733,0.003262,0.698567,0.006679,0.698567,0.006679,0.914367,0.01061,0.9759,0.002987,0.896033,660.5
qwen,sum,fb237_v3_ind,100,500,96,3,0.817167,0.010137,0.811,0.005333,0.720133,0.013934,0.71,0.011799,0.71,0.011799,0.8948,0.005444,0.969033,0.006901,0.760333,399.6
qwen,sum,fb237_v3_ind,150,50,64,3,0.8184,0.005935,0.810967,0.007392,0.712067,0.010734,0.700867,0.016702,0.700867,0.016702,0.9139,0.005257,0.973567,0.007996,0.892633,579.933333
qwen,sum,fb237_v3_ind,200,500,96,3,0.815833,0.008436,0.810933,0.006865,0.718967,0.010498,0.7112,0.013127,0.7112,0.013127,0.894,0.002042,0.965967,0.004682,0.758567,713.9
qwen,sum,fb237_v3_ind,125,50,96,3,0.8202,0.008058,0.810767,0.00965,0.710533,0.013052,0.6978,0.01554,0.6978,0.01554,0.916233,0.004168,0.9767,0.008119,0.9033,488.666667
qwen,sum,fb237_v3_ind,125,50,48,3,0.820133,0.0068,0.810667,0.006704,0.714367,0.009701,0.698167,0.009103,0.698167,0.009103,0.9147,0.005567,0.972467,0.006341,0.8896,491.366667
qwen,sum,fb237_v3_ind,75,50,80,3,0.819233,0.00485,0.810533,0.007453,0.7128,0.01025,0.698967,0.012816,0.698967,0.012816,0.911633,0.005823,0.975167,0.004607,0.870633,320.966667
qwen,sum,fb237_v3_ind,175,50,64,3,0.8213,0.005429,0.8105,0.010515,0.7151,0.005495,0.698567,0.018027,0.698567,0.018027,0.913567,0.011987,0.974767,0.007526,0.8873,662.2
qwen,sum,fb237_v3_ind,200,50,48,3,0.818733,0.00545,0.8103,0.008321,0.710533,0.012662,0.697033,0.010252,0.697033,0.010252,0.914333,0.009721,0.972467,0.006897,0.886533,718.966667
qwen,sum,fb237_v3_ind,50,50,48,3,0.819367,0.009603,0.810267,0.00755,0.717467,0.017659,0.701233,0.006865,0.701233,0.006865,0.903633,0.012911,0.973233,0.007617,0.8609,234.333333
qwen,sum,fb237_v3_ind,175,50,16,3,0.818967,0.010458,0.810167,0.011852,0.712067,0.012744,0.697067,0.021911,0.697067,0.021911,0.914333,0.006322,0.977033,0.006979,0.895967,642.166667
qwen,sum,fb237_v3_ind,50,50,64,3,0.819067,0.005901,0.809967,0.010119,0.714367,0.007839,0.7001,0.015009,0.7001,0.015009,0.909333,0.009727,0.974,0.005742,0.864733,234.966667
qwen,sum,fb237_v3_ind,175,500,80,3,0.814467,0.00628,0.809767,0.008045,0.717833,0.006379,0.7093,0.014737,0.7093,0.014737,0.891733,0.00155,0.965567,0.002203,0.756433,647.866667
qwen,sum,fb237_v3_ind,75,50,96,3,0.8157,0.004597,0.809733,0.007845,0.707067,0.00753,0.6967,0.012239,0.6967,0.012239,0.913533,0.004759,0.975533,0.005389,0.8954,318
qwen,sum,fb237_v3_ind,175,500,96,3,0.814733,0.008401,0.8097,0.007858,0.7159,0.010835,0.710033,0.013966,0.710033,0.013966,0.8925,0.004063,0.969767,0.005848,0.759767,651.666667
qwen,sum,fb237_v3_ind,100,50,48,3,0.816367,0.004905,0.809633,0.010841,0.705933,0.005613,0.695133,0.014635,0.695133,0.014635,0.915467,0.014248,0.974367,0.00762,0.902433,404.066667
qwen,sum,fb237_v3_ind,50,50,96,3,0.819667,0.003808,0.8095,0.008575,0.712367,0.009569,0.699333,0.013641,0.699333,0.013641,0.912767,0.008896,0.9778,0.007645,0.882133,234.9
qwen,sum,fb237_v3_ind,125,50,64,3,0.8184,0.005803,0.809467,0.007747,0.7117,0.012216,0.6959,0.010941,0.6959,0.010941,0.915833,0.006716,0.975533,0.006983,0.8951,486.733333
qwen,sum,fb237_v3_ind,50,500,80,3,0.8148,0.008671,0.809267,0.007697,0.717033,0.009831,0.710433,0.018148,0.710433,0.018148,0.888633,0.003371,0.965933,0.009293,0.754233,231.433333
qwen,sum,fb237_v3_ind,50,500,96,3,0.815,0.007312,0.809,0.006954,0.7167,0.010213,0.7066,0.012481,0.7066,0.012481,0.896333,0.003499,0.970933,0.007504,0.7572,233.1
qwen,sum,fb237_v3_ind,50,50,80,3,0.819867,0.010738,0.8089,0.008073,0.715533,0.016581,0.6963,0.011605,0.6963,0.011605,0.9128,0.008486,0.974767,0.00225,0.857033,235.2
qwen,sum,fb237_v3_ind,125,50,16,3,0.816533,0.00624,0.8088,0.003005,0.7063,0.008221,0.693233,0.008776,0.693233,0.008776,0.914333,0.005422,0.975533,0.006611,0.898667,482.233333
qwen,sum,fb237_v3_ind,200,50,16,3,0.817867,0.005801,0.808767,0.00885,0.709733,0.00617,0.694367,0.016523,0.694367,0.016523,0.9116,0.008013,0.9778,0.005866,0.890133,683.066667
qwen,sum,fb237_v3_ind,125,500,80,3,0.814967,0.011301,0.808167,0.002739,0.7178,0.016116,0.707733,0.010004,0.707733,0.010004,0.889833,0.002894,0.965967,0.005255,0.755967,484.9
qwen,sum,fb237_v3_ind,150,500,80,3,0.8121,0.008091,0.807467,0.008612,0.712833,0.011381,0.704667,0.015165,0.704667,0.015165,0.894067,0.007376,0.967467,0.007453,0.7529,573.2
qwen,sum,fb237_v3_ind,100,50,16,3,0.8179,0.006634,0.8072,0.013243,0.7109,0.008221,0.692467,0.022677,0.692467,0.022677,0.912367,0.009995,0.9763,0.00459,0.888567,402.5
qwen,sum,fb237_v3_ind,150,500,64,3,0.809733,0.009691,0.806933,0.004936,0.710167,0.011956,0.706967,0.009493,0.706967,0.009493,0.887167,0.004239,0.9629,0.005647,0.7499,529.9
qwen,sum,fb237_v3_ind,150,50,16,3,0.816267,0.007445,0.8065,0.013111,0.708233,0.010184,0.692067,0.017264,0.692067,0.017264,0.907833,0.010442,0.975533,0.006449,0.897333,563.9
qwen,sum,fb237_v3_ind,75,500,80,3,0.813233,0.008799,0.806133,0.00465,0.715133,0.011778,0.704667,0.013073,0.704667,0.013073,0.890633,0.006158,0.9671,0.005429,0.755433,318.166667
qwen,sum,fb237_v3_ind,50,500,64,3,0.809867,0.010321,0.805867,0.006611,0.711333,0.014915,0.7035,0.013885,0.7035,0.013885,0.889067,0.002001,0.965933,0.004329,0.751333,217.3
qwen,sum,fb237_v3_ind,75,500,64,3,0.811367,0.011075,0.805733,0.007659,0.713233,0.016557,0.703533,0.015113,0.703533,0.015113,0.890967,0.004082,0.963267,0.003101,0.750267,292.5
qwen,sum,fb237_v3_ind,200,500,80,3,0.813133,0.009411,0.805167,0.008445,0.715133,0.013515,0.7005,0.016372,0.7005,0.016372,0.891733,0.004817,0.968267,0.005776,0.753,707.033333
qwen,sum,fb237_v3_ind,175,500,64,3,0.810367,0.011024,0.804967,0.004244,0.7117,0.015427,0.7024,0.008352,0.7024,0.008352,0.890967,0.003951,0.965567,0.004652,0.7503,605.8
qwen,sum,fb237_v3_ind,100,500,80,3,0.813767,0.011534,0.804233,0.005561,0.7178,0.011625,0.7024,0.009959,0.7024,0.009959,0.887933,0.010889,0.965167,0.008875,0.7515,402.266667
qwen,sum,fb237_v3_ind,200,500,64,3,0.811267,0.008266,0.803667,0.003253,0.7132,0.011625,0.700467,0.00595,0.700467,0.00595,0.890967,0.004661,0.964833,0.00522,0.7496,647.8
qwen,sum,fb237_v3_ind,100,500,64,3,0.8123,0.010014,0.803567,0.00928,0.714733,0.011982,0.700467,0.01593,0.700467,0.01593,0.889833,0.006892,0.964067,0.004055,0.750167,373.433333
qwen,sum,fb237_v3_ind,125,500,64,3,0.812067,0.009555,0.803267,0.007151,0.7136,0.011123,0.699733,0.015158,0.699733,0.015158,0.8879,0.001082,0.965933,0.004329,0.750267,449.033333
qwen,sum,fb237_v3_ind,125,500,48,3,0.807433,0.011039,0.8026,0.004341,0.707867,0.014479,0.700867,0.008658,0.700867,0.008658,0.886,0.003851,0.960967,0.005948,0.7421,408.066667
qwen,sum,fb237_v3_ind,75,500,48,3,0.808833,0.01057,0.801667,0.005992,0.710933,0.013661,0.698533,0.009768,0.698533,0.009768,0.8868,0.006537,0.9625,0.004267,0.743433,267.866667
qwen,sum,fb237_v3_ind,200,500,48,3,0.808067,0.009026,0.8004,0.005268,0.711667,0.011232,0.6978,0.010886,0.6978,0.010886,0.884467,0.004388,0.959067,0.001818,0.7432,585.866667
qwen,sum,fb237_v3_ind,150,500,48,3,0.805533,0.011458,0.800233,0.00691,0.705567,0.013912,0.6959,0.014091,0.6959,0.014091,0.8856,0.000985,0.962533,0.004562,0.741533,482.533333
qwen,sum,fb237_v3_ind,100,500,48,3,0.807833,0.010385,0.799933,0.003177,0.710533,0.014008,0.698167,0.007366,0.698167,0.007366,0.8818,0.000755,0.961333,0.00522,0.739733,344.266667
qwen,sum,fb237_v3_ind,50,500,48,3,0.808333,0.009713,0.799567,0.00491,0.711667,0.013701,0.695867,0.011143,0.695867,0.011143,0.884433,0.00085,0.9587,0.00291,0.743133,198
qwen,sum,fb237_v3_ind,175,500,48,3,0.806233,0.011669,0.798567,0.008165,0.706367,0.016058,0.694333,0.015789,0.694333,0.015789,0.8856,0.002166,0.961733,0.004798,0.740167,557.266667
qwen,sum,fb237_v3_ind,50,10,96,3,0.8026,0.007902,0.798433,0.005016,0.6952,0.011053,0.687067,0.007128,0.687067,0.007128,0.897467,0.013643,0.967133,0.005785,0.8704,232.833333
qwen,sum,fb237_v3_ind,150,500,32,3,0.8028,0.010014,0.797867,0.0087,0.702867,0.012077,0.697433,0.015165,0.697433,0.015165,0.8791,0.009735,0.957533,0.002873,0.7344,423.266667
qwen,sum,fb237_v3_ind,150,10,48,3,0.798667,0.00545,0.797833,0.0115,0.6795,0.010037,0.681,0.017841,0.681,0.017841,0.904333,0.00842,0.970533,0.003482,0.929067,573.833333
qwen,sum,fb237_v3_ind,200,10,64,3,0.801,0.005941,0.7978,0.01345,0.682933,0.010531,0.679433,0.02119,0.679433,0.02119,0.9086,0.008653,0.969433,0.009131,0.9289,698.5
qwen,sum,fb237_v3_ind,100,5,96,3,0.797233,0.004277,0.797767,0.014904,0.6833,0.003579,0.6852,0.021994,0.6852,0.021994,0.898233,0.007505,0.9713,0.003897,0.896867,406
qwen,sum,fb237_v3_ind,200,10,48,3,0.8043,0.003799,0.797433,0.012174,0.687867,0.005108,0.679067,0.017873,0.679067,0.017873,0.904767,0.00875,0.967133,0.004716,0.929067,698.466667
qwen,sum,fb237_v3_ind,50,10,16,3,0.7963,0.008974,0.7967,0.00927,0.687867,0.011434,0.6852,0.014225,0.6852,0.014225,0.895567,0.005746,0.966,0.006255,0.855933,231.466667
qwen,sum,fb237_v3_ind,50,10,64,3,0.803167,0.010711,0.796667,0.017231,0.696733,0.013422,0.685967,0.024664,0.685967,0.024664,0.8948,0.01065,0.962533,0.008286,0.8623,232.366667
qwen,sum,fb237_v3_ind,100,10,96,3,0.8028,0.009027,0.796233,0.01257,0.693633,0.00928,0.681367,0.016193,0.681367,0.016193,0.897133,0.009014,0.9717,0.006534,0.893333,403.3
qwen,sum,fb237_v3_ind,100,500,32,3,0.801733,0.010268,0.796233,0.004518,0.6998,0.011876,0.6928,0.00937,0.6928,0.00937,0.8795,0.000755,0.956,0.00444,0.7335,297.166667
qwen,sum,fb237_v3_ind,200,5,48,3,0.801067,0.006661,0.7962,0.014268,0.688667,0.011243,0.680967,0.021894,0.680967,0.021894,0.898233,0.008004,0.966333,0.004244,0.910267,702.233333
qwen,sum,fb237_v3_ind,175,10,80,3,0.803433,0.009007,0.7961,0.014646,0.6841,0.015824,0.676033,0.022154,0.676033,0.022154,0.908933,0.003004,0.9736,0.006946,0.928967,659.566667
qwen,sum,fb237_v3_ind,200,10,80,3,0.807,0.006978,0.795967,0.011409,0.6948,0.013501,0.6745,0.018578,0.6745,0.018578,0.911267,0.004038,0.972833,0.003482,0.924633,701.466667
qwen,sum,fb237_v3_ind,175,10,64,3,0.805833,0.007414,0.795667,0.0128,0.6906,0.012972,0.676,0.017743,0.676,0.017743,0.907433,0.010955,0.969433,0.008849,0.928967,661.233333
qwen,sum,fb237_v3_ind,75,500,32,3,0.8003,0.011844,0.795567,0.008667,0.699833,0.013029,0.693567,0.0163,0.693567,0.0163,0.877567,0.001026,0.956033,0.005168,0.7317,229.7
qwen,sum,fb237_v3_ind,125,10,80,3,0.7993,0.006909,0.7955,0.011666,0.681767,0.009356,0.676,0.016501,0.676,0.016501,0.904733,0.002113,0.970167,0.009033,0.9266,483.866667
qwen,sum,fb237_v3_ind,125,10,64,3,0.801433,0.005952,0.795433,0.011046,0.6841,0.010868,0.677133,0.015273,0.677133,0.015273,0.902067,0.012407,0.970167,0.008251,0.929,483.2
qwen,sum,fb237_v3_ind,50,5,48,3,0.7952,0.004085,0.795367,0.00842,0.6848,0.007104,0.686333,0.009376,0.686333,0.009376,0.889867,0.010707,0.9633,0.003966,0.867833,234.4
qwen,sum,fb237_v3_ind,175,10,16,3,0.8036,0.003659,0.795333,0.012906,0.689033,0.003233,0.679467,0.021686,0.679467,0.021686,0.901667,0.008317,0.968633,0.00402,0.928967,661.833333
qwen,sum,fb237_v3_ind,200,10,32,3,0.8009,0.007275,0.795167,0.011296,0.6864,0.012401,0.6768,0.018534,0.6768,0.018534,0.904367,0.005515,0.967867,0.010171,0.928833,700.933333
qwen,sum,fb237_v3_ind,125,10,32,3,0.800067,0.006649,0.795167,0.007925,0.684467,0.011574,0.676767,0.014493,0.676767,0.014493,0.901667,0.004007,0.969,0.004979,0.9232,488.633333
qwen,sum,fb237_v3_ind,50,10,48,3,0.7993,0.006065,0.795133,0.009232,0.6875,0.007562,0.6806,0.014282,0.6806,0.014282,0.894467,0.010755,0.966733,0.007481,0.8818,233.533333
qwen,sum,fb237_v3_ind,150,10,96,3,0.805367,0.008175,0.795033,0.010519,0.6975,0.019163,0.679467,0.017332,0.679467,0.017332,0.898267,0.008891,0.966367,0.005225,0.904133,583.833333
qwen,sum,fb237_v3_ind,75,10,96,3,0.800267,0.00455,0.795033,0.010286,0.685267,0.013387,0.6783,0.015855,0.6783,0.015855,0.898233,0.014637,0.9656,0.005651,0.897333,312.766667
qwen,sum,fb237_v3_ind,150,10,64,3,0.805933,0.004801,0.7947,0.010283,0.696333,0.009914,0.678333,0.018929,0.678333,0.018929,0.8975,0.0016,0.967467,0.006601,0.912167,580.066667
qwen,sum,fb237_v3_ind,175,10,96,3,0.802833,0.006357,0.794667,0.012378,0.684833,0.011065,0.6745,0.020781,0.6745,0.020781,0.909333,0.004885,0.9652,0.003205,0.929,649.733333
qwen,sum,fb237_v3_ind,175,5,64,3,0.8007,0.006855,0.7946,0.010473,0.6845,0.011811,0.677167,0.016447,0.677167,0.016447,0.904367,0.005773,0.9671,0.008554,0.929167,667.066667
qwen,sum,fb237_v3_ind,175,10,48,3,0.802433,0.008199,0.794567,0.008981,0.684867,0.012529,0.674867,0.014312,0.674867,0.014312,0.904367,0.005937,0.970167,0.001966,0.929033,659.933333
qwen,sum,fb237_v3_ind,100,10,64,3,0.8042,0.009268,0.794233,0.013509,0.693667,0.020546,0.677933,0.021587,0.677933,0.021587,0.900533,0.011301,0.969,0.006946,0.903433,400.466667
qwen,sum,fb237_v3_ind,200,500,32,3,0.8031,0.009392,0.794167,0.006766,0.705567,0.01188,0.6905,0.013061,0.6905,0.013061,0.877967,0.001484,0.956367,0.00384,0.732467,521.466667
qwen,sum,fb237_v3_ind,50,500,32,3,0.801967,0.010974,0.7941,0.00795,0.703233,0.012451,0.6913,0.015617,0.6913,0.015617,0.877567,0.003308,0.957167,0.001665,0.732533,172.633333
qwen,sum,fb237_v3_ind,125,5,48,3,0.7986,0.005587,0.794067,0.010525,0.690233,0.015653,0.683267,0.014953,0.683267,0.014953,0.889833,0.010772,0.9618,0.011172,0.894067,483.566667
qwen,sum,fb237_v3_ind,100,10,80,3,0.805033,0.009571,0.794,0.014463,0.697533,0.013828,0.679867,0.022155,0.679867,0.022155,0.901333,0.01,0.966367,0.008188,0.864933,401.9
qwen,sum,fb237_v3_ind,125,5,64,3,0.7954,0.007302,0.7939,0.011609,0.675233,0.011254,0.677133,0.015243,0.677133,0.015243,0.8998,0.011865,0.966733,0.009762,0.929167,485.033333
qwen,sum,fb237_v3_ind,200,10,96,3,0.802733,0.00837,0.793833,0.012108,0.687133,0.013249,0.673733,0.016606,0.673733,0.016606,0.9063,0.01075,0.968267,0.00584,0.9289,724.066667
qwen,sum,fb237_v3_ind,75,10,80,3,0.804767,0.004992,0.7938,0.014033,0.6971,0.010942,0.680233,0.023724,0.680233,0.023724,0.896733,0.010891,0.9652,0.0026,0.894667,317.433333
qwen,sum,fb237_v3_ind,200,5,80,3,0.804467,0.006043,0.793633,0.013766,0.691367,0.011662,0.673333,0.020648,0.673333,0.020648,0.904767,0.008351,0.968633,0.006728,0.926267,690.866667
qwen,sum,fb237_v3_ind,50,5,64,3,0.7983,0.007361,0.793533,0.020863,0.6906,0.012821,0.6833,0.025243,0.6833,0.025243,0.8906,0.018401,0.959867,0.012601,0.8678,231.133333
qwen,sum,fb237_v3_ind,75,10,64,3,0.798433,0.00826,0.793533,0.0093,0.682933,0.015223,0.675967,0.013649,0.675967,0.013649,0.900933,0.004996,0.9702,0.010475,0.920167,314.366667
qwen,sum,fb237_v3_ind,150,10,80,3,0.803467,0.005774,0.7934,0.010124,0.689067,0.01236,0.677167,0.018911,0.677167,0.018911,0.899433,0.0101,0.9667,0.001054,0.912433,577.533333
qwen,sum,fb237_v3_ind,175,500,32,3,0.7997,0.01439,0.7933,0.00649,0.698667,0.017826,0.690933,0.01084,0.690933,0.01084,0.874933,0.00605,0.951067,0.003177,0.726733,471.266667
qwen,sum,fb237_v3_ind,175,5,48,3,0.798233,0.008038,0.7932,0.010566,0.682167,0.009466,0.672933,0.016863,0.672933,0.016863,0.9036,0.004158,0.968233,0.002325,0.929167,664.8
qwen,sum,fb237_v3_ind,125,10,96,3,0.801433,0.005514,0.793167,0.011173,0.682933,0.009339,0.674467,0.015989,0.674467,0.015989,0.9036,0.005726,0.970567,0.004607,0.929,487.7
qwen,sum,fb237_v3_ind,125,500,32,3,0.802333,0.009452,0.7931,0.005076,0.703633,0.012841,0.687833,0.01295,0.687833,0.01295,0.8814,0.000458,0.956767,0.002413,0.7318,356.433333
qwen,sum,fb237_v3_ind,150,10,32,3,0.803333,0.009928,0.792767,0.010441,0.6879,0.015321,0.6733,0.015799,0.6733,0.015799,0.902433,0.00683,0.967533,0.006449,0.929067,575.866667
qwen,sum,fb237_v3_ind,125,10,16,3,0.801833,0.005237,0.792667,0.017368,0.685233,0.008585,0.673367,0.026687,0.673367,0.026687,0.900167,0.006045,0.966333,0.008879,0.929033,477.5
qwen,sum,fb237_v3_ind,75,5,64,3,0.798,0.011,0.792667,0.013437,0.687133,0.018998,0.678333,0.015937,0.678333,0.015937,0.8948,0.017166,0.9652,0.014159,0.8946,314.7
qwen,sum,fb237_v3_ind,200,5,64,3,0.7976,0.006955,0.792633,0.006431,0.684067,0.011566,0.674867,0.010995,0.674867,0.010995,0.896733,0.007709,0.965967,0.005696,0.919,696.8
qwen,sum,fb237_v3_ind,125,5,80,3,0.7962,0.005909,0.792533,0.021557,0.679067,0.007129,0.677567,0.03299,0.677567,0.03299,0.894033,0.014514,0.961767,0.00713,0.914433,488
qwen,sum,fb237_v3_ind,200,5,32,3,0.798867,0.008464,0.792433,0.015379,0.683367,0.014658,0.6753,0.024285,0.6753,0.024285,0.8998,0.00896,0.964833,0.007406,0.929167,737.566667
qwen,sum,fb237_v3_ind,75,10,32,3,0.7996,0.002498,0.792333,0.017338,0.686333,0.007298,0.6787,0.02926,0.6787,0.02926,0.8952,0.012312,0.9606,0.005925,0.910567,318.666667
qwen,sum,fb237_v3_ind,50,1,96,3,0.7916,0.004173,0.792333,0.014884,0.6833,0.00872,0.681367,0.023696,0.681367,0.023696,0.886033,0.007951,0.9652,0.005311,0.8564,231.866667
qwen,sum,fb237_v3_ind,200,10,16,3,0.8034,0.002563,0.7921,0.009457,0.689433,0.004665,0.674867,0.013418,0.674867,0.013418,0.9013,0.005631,0.966333,0.012587,0.919433,673.233333
qwen,sum,fb237_v3_ind,125,5,32,3,0.794867,0.007939,0.791967,0.009699,0.6791,0.013774,0.675633,0.017758,0.675633,0.017758,0.895567,0.004366,0.966333,0.005116,0.9178,475.7
qwen,sum,fb237_v3_ind,50,10,32,3,0.798067,0.004735,0.7919,0.011501,0.683267,0.004072,0.6787,0.015106,0.6787,0.015106,0.893667,0.008257,0.959867,0.004501,0.896267,233.333333
qwen,sum,fb237_v3_ind,200,5,16,3,0.7971,0.004276,0.791767,0.016003,0.679833,0.005977,0.6768,0.022743,0.6768,0.022743,0.8948,0.0109,0.965967,0.006493,0.929167,729.3
qwen,sum,fb237_v3_ind,150,5,64,3,0.800167,0.005424,0.7915,0.01679,0.682533,0.009584,0.6718,0.027332,0.6718,0.027332,0.898233,0.004277,0.968667,0.003449,0.9291,578.366667
qwen,sum,fb237_v3_ind,50,1,64,3,0.7976,0.010641,0.791333,0.018101,0.692533,0.01806,0.681,0.021967,0.681,0.021967,0.8868,0.019865,0.9583,0.008337,0.847333,231.633333
qwen,sum,fb237_v3_ind,175,10,32,3,0.799567,0.012283,0.7913,0.012308,0.6814,0.017088,0.669533,0.015821,0.669533,0.015821,0.904,0.010307,0.966367,0.007575,0.929067,659.133333
qwen,sum,fb237_v3_ind,75,10,48,3,0.800633,0.012007,0.790833,0.020794,0.692467,0.01728,0.6787,0.03046,0.6787,0.03046,0.892167,0.013709,0.965233,0.011197,0.8662,316.5
qwen,sum,fb237_v3_ind,175,5,16,3,0.797433,0.003753,0.7908,0.014108,0.6833,0.004029,0.673733,0.020835,0.673733,0.020835,0.898233,0.004304,0.9656,0.003351,0.929167,654.4
qwen,sum,fb237_v3_ind,200,5,96,3,0.7993,0.008571,0.790733,0.015522,0.684833,0.013004,0.6699,0.023618,0.6699,0.023618,0.9017,0.00906,0.969033,0.006921,0.9088,693.3
qwen,sum,fb237_v3_ind,100,5,64,3,0.802333,0.007583,0.7906,0.015122,0.694833,0.018497,0.676033,0.024014,0.676033,0.024014,0.8933,0.011262,0.962133,0.005129,0.8945,399.266667
qwen,sum,fb237_v3_ind,150,5,96,3,0.8007,0.009354,0.790467,0.013557,0.692167,0.020641,0.6768,0.016568,0.6768,0.016568,0.8952,0.013061,0.962167,0.012894,0.888533,576.233333
qwen,sum,fb237_v3_ind,125,10,48,3,0.8002,0.008296,0.790433,0.008695,0.685233,0.014207,0.674433,0.016645,0.674433,0.016645,0.895967,0.0054,0.968233,0.010269,0.912267,483.266667
qwen,sum,fb237_v3_ind,200,1,48,3,0.790167,0.007983,0.790333,0.016348,0.6787,0.013457,0.674133,0.021132,0.674133,0.021132,0.890967,0.012606,0.966,0.008507,0.891667,737.8
qwen,sum,fb237_v3_ind,150,10,16,3,0.8024,0.004204,0.790233,0.019805,0.6902,0.008166,0.673367,0.029514,0.673367,0.029514,0.8952,0.011173,0.9717,0.00167,0.914667,567.666667
qwen,sum,fb237_v3_ind,200,1,96,3,0.7942,0.008556,0.790233,0.015699,0.6814,0.01474,0.6764,0.022057,0.6764,0.022057,0.890233,0.01065,0.969433,0.006298,0.888567,736.366667
qwen,sum,fb237_v3_ind,150,5,48,3,0.795833,0.010774,0.790067,0.014981,0.680267,0.0182,0.675267,0.018826,0.675267,0.018826,0.894067,0.016863,0.9656,0.00601,0.904167,574.133333
qwen,sum,fb237_v3_ind,175,5,96,3,0.797967,0.00598,0.789967,0.012108,0.686033,0.01064,0.676367,0.013951,0.676367,0.013951,0.8906,0.013082,0.964433,0.006296,0.893633,653.466667
qwen,sum,fb237_v3_ind,175,5,32,3,0.798333,0.011301,0.789933,0.017905,0.685233,0.016051,0.668,0.02714,0.668,0.02714,0.9017,0.007251,0.966,0.011471,0.910133,654.433333
qwen,sum,fb237_v3_ind,175,1,80,3,0.7922,0.0071,0.7898,0.016808,0.6753,0.01291,0.675233,0.020578,0.675233,0.020578,0.892933,0.019895,0.963333,0.012314,0.887867,655.166667
qwen,sum,fb237_v3_ind,75,5,96,3,0.799267,0.00824,0.789733,0.012599,0.688267,0.01477,0.675233,0.018769,0.675233,0.018769,0.888333,0.011946,0.965567,0.005183,0.8835,314.366667
qwen,sum,fb237_v3_ind,150,5,32,3,0.799667,0.006786,0.789567,0.012522,0.684833,0.012101,0.6722,0.021481,0.6722,0.021481,0.896333,0.001607,0.965967,0.007247,0.9042,568.8
qwen,sum,fb237_v3_ind,75,5,80,3,0.7979,0.008067,0.7895,0.016022,0.6856,0.018622,0.6741,0.027079,0.6741,0.027079,0.892867,0.005515,0.962133,0.000115,0.901433,316.366667
qwen,sum,fb237_v3_ind,100,10,32,3,0.799467,0.005208,0.789367,0.0096,0.685233,0.0052,0.673733,0.013808,0.673733,0.013808,0.890567,0.017998,0.964033,0.012777,0.919967,402.133333
qwen,sum,fb237_v3_ind,100,5,80,3,0.7995,0.007554,0.789167,0.020499,0.686,0.011782,0.672567,0.027217,0.672567,0.027217,0.892133,0.018831,0.964067,0.008195,0.899833,404.233333
qwen,sum,fb237_v3_ind,150,5,16,3,0.796633,0.007501,0.7891,0.020006,0.682167,0.007766,0.6726,0.031165,0.6726,0.031165,0.894067,0.008949,0.9652,0.005647,0.929167,568.533333
qwen,sum,fb237_v3_ind,125,1,64,3,0.794067,0.00398,0.7891,0.017395,0.682567,0.012494,0.675633,0.026481,0.675633,0.026481,0.8887,0.013816,0.963633,0.006532,0.8775,485.033333
qwen,sum,fb237_v3_ind,175,5,80,3,0.799633,0.010499,0.788933,0.012474,0.682567,0.016441,0.668367,0.01766,0.668367,0.01766,0.8998,0.01013,0.967067,0.00281,0.929167,657.033333
qwen,sum,fb237_v3_ind,75,1,64,3,0.7938,0.011521,0.788833,0.013109,0.686767,0.010454,0.681333,0.006866,0.681333,0.006866,0.876433,0.030461,0.954867,0.018505,0.849467,316.266667
qwen,sum,fb237_v3_ind,100,1,96,3,0.796067,0.006052,0.7886,0.015259,0.6856,0.009627,0.6722,0.020847,0.6722,0.020847,0.889867,0.013552,0.967067,0.004244,0.888967,401.466667
qwen,sum,fb237_v3_ind,200,1,64,3,0.793867,0.002212,0.788367,0.014558,0.680233,0.009023,0.672167,0.020057,0.672167,0.020057,0.891767,0.015674,0.966733,0.00791,0.8951,735.766667
qwen,sum,fb237_v3_ind,200,1,80,3,0.7976,0.008191,0.7883,0.013528,0.682533,0.014893,0.672167,0.013676,0.672167,0.013676,0.889467,0.018105,0.968633,0.008686,0.901167,735.266667
qwen,sum,fb237_v3_ind,125,1,96,3,0.7946,0.005747,0.7881,0.013457,0.682167,0.012447,0.6703,0.017148,0.6703,0.017148,0.894067,0.014155,0.9652,0.007713,0.889233,486.633333
qwen,sum,fb237_v3_ind,175,1,64,3,0.795867,0.009043,0.787833,0.012793,0.689067,0.014075,0.673667,0.018331,0.673667,0.018331,0.8898,0.009986,0.961367,0.005773,0.878333,664.9
qwen,sum,fb237_v3_ind,125,5,96,3,0.797533,0.005729,0.7877,0.016719,0.681,0.008525,0.6676,0.025129,0.6676,0.025129,0.898633,0.013439,0.9671,0.005797,0.929167,490.4
qwen,sum,fb237_v3_ind,75,1,96,3,0.790633,0.005687,0.7871,0.010718,0.677533,0.006995,0.672567,0.013261,0.672567,0.013261,0.887167,0.013955,0.9629,0.00694,0.8766,313.266667
qwen,sum,fb237_v3_ind,50,10,80,3,0.801,0.008062,0.787033,0.022217,0.6933,0.015479,0.671067,0.03397,0.671067,0.03397,0.889067,0.015387,0.966333,0.006694,0.8881,234.7
qwen,sum,fb237_v3_ind,100,1,80,3,0.795433,0.007978,0.787033,0.018463,0.684467,0.012995,0.6722,0.020781,0.6722,0.020781,0.892933,0.019329,0.957967,0.013302,0.8774,404.1
qwen,sum,fb237_v3_ind,200,1,16,3,0.7931,0.006495,0.786933,0.012298,0.6806,0.013886,0.677567,0.018162,0.677567,0.018162,0.883733,0.006901,0.957167,0.005255,0.9041,726.6
qwen,sum,fb237_v3_ind,125,1,48,3,0.7906,0.0098,0.786933,0.007853,0.678733,0.017263,0.6779,0.007318,0.6779,0.007318,0.880267,0.009521,0.9564,0.007886,0.862933,484.3
qwen,sum,fb237_v3_ind,125,5,16,3,0.802067,0.004496,0.7866,0.014313,0.689067,0.006268,0.668,0.021669,0.668,0.021669,0.895233,0.009955,0.962867,0.004537,0.929167,479.366667
qwen,sum,fb237_v3_ind,100,10,48,3,0.7991,0.006974,0.786433,0.016726,0.686767,0.006969,0.666433,0.021392,0.666433,0.021392,0.896733,0.011467,0.962133,0.011632,0.9186,404.9
qwen,sum,fb237_v3_ind,75,1,80,3,0.794867,0.009017,0.786333,0.018758,0.685933,0.017816,0.671467,0.029854,0.671467,0.029854,0.883333,0.011336,0.962133,0.004864,0.863567,314
qwen,sum,fb237_v3_ind,100,5,48,3,0.795133,0.004368,0.7863,0.016897,0.682533,0.010961,0.667233,0.024015,0.667233,0.024015,0.8948,0.007494,0.961733,0.006213,0.8905,399
qwen,sum,fb237_v3_ind,200,1,32,3,0.7907,0.006275,0.786267,0.015119,0.6753,0.010912,0.6726,0.023853,0.6726,0.023853,0.887933,0.005577,0.9606,0.007653,0.913567,737.566667
qwen,sum,fb237_v3_ind,100,10,16,3,0.8012,0.006555,0.7854,0.011941,0.6856,0.008316,0.665667,0.017691,0.665667,0.017691,0.8925,0.001453,0.965967,0.011473,0.9289,400.166667
qwen,sum,fb237_v3_ind,50,5,96,3,0.794533,0.007433,0.785367,0.014423,0.683333,0.014854,0.666033,0.018769,0.666033,0.018769,0.887167,0.011758,0.964067,0.006824,0.8976,230.633333
qwen,sum,fb237_v3_ind,150,5,80,3,0.799233,0.005155,0.785367,0.010974,0.686,0.012062,0.664933,0.021901,0.664933,0.021901,0.893667,0.004718,0.966367,0.004055,0.904567,570.133333
qwen,sum,fb237_v3_ind,75,5,48,3,0.792067,0.010176,0.785267,0.014935,0.673733,0.014716,0.666067,0.021909,0.666067,0.021909,0.896767,0.010604,0.9629,0.006183,0.929167,314.566667
qwen,sum,fb237_v3_ind,175,500,16,3,0.7932,0.009732,0.785267,0.003011,0.693267,0.010404,0.6825,0.008272,0.6825,0.008272,0.867267,0.002411,0.9499,0.002512,0.716133,418.233333
qwen,sum,fb237_v3_ind,50,5,80,3,0.7946,0.007019,0.7852,0.017803,0.684867,0.013508,0.6711,0.023481,0.6711,0.023481,0.882967,0.015715,0.9606,0.006583,0.874967,233.466667
qwen,sum,fb237_v3_ind,150,1,80,3,0.791667,0.010543,0.785133,0.015188,0.676067,0.019657,0.670267,0.022308,0.670267,0.022308,0.886033,0.011155,0.9587,0.009015,0.895567,578.433333
qwen,sum,fb237_v3_ind,75,5,32,3,0.797,0.0007,0.785067,0.009846,0.682133,0.00175,0.667967,0.01253,0.667967,0.01253,0.889433,0.010538,0.959833,0.012979,0.914367,317.4
qwen,sum,fb237_v3_ind,75,10,16,3,0.795767,0.00776,0.7846,0.014944,0.677533,0.010075,0.662633,0.022907,0.662633,0.022907,0.8952,0.008514,0.967133,0.007406,0.929033,319.166667
qwen,sum,fb237_v3_ind,150,1,32,3,0.7908,0.005256,0.784367,0.018256,0.674067,0.009265,0.667633,0.028184,0.667633,0.028184,0.892533,0.0053,0.962133,0.00601,0.9208,572.633333
qwen,sum,fb237_v3_ind,175,1,16,3,0.79,0.00526,0.784333,0.009168,0.677167,0.012123,0.666433,0.01402,0.666433,0.01402,0.8883,0.001664,0.958667,0.006801,0.912567,654.3
qwen,sum,fb237_v3_ind,100,5,16,3,0.795467,0.006266,0.784133,0.012824,0.680633,0.010336,0.666067,0.021036,0.666067,0.021036,0.889433,0.006694,0.9648,0.006255,0.929167,396
qwen,sum,fb237_v3_ind,175,1,32,3,0.787533,0.012301,0.784067,0.01801,0.671833,0.017796,0.663767,0.019797,0.663767,0.019797,0.898667,0.018204,0.9606,0.012243,0.921733,649.166667
qwen,sum,fb237_v3_ind,75,500,16,3,0.793433,0.010325,0.784067,0.008976,0.6914,0.01411,0.6821,0.016271,0.6821,0.016271,0.8657,0.002623,0.952967,0.006232,0.7162,205.5
qwen,sum,fb237_v3_ind,150,1,96,3,0.7935,0.012565,0.7833,0.013157,0.6803,0.020854,0.665667,0.018751,0.665667,0.018751,0.888333,0.012505,0.963667,0.00281,0.910467,585.8
qwen,sum,fb237_v3_ind,75,1,48,3,0.786533,0.011719,0.783267,0.011472,0.672967,0.013459,0.672567,0.009765,0.672567,0.009765,0.878,0.020854,0.949133,0.006379,0.8879,314.4
qwen,sum,fb237_v3_ind,200,500,16,3,0.792933,0.011143,0.783133,0.004576,0.692933,0.013855,0.6802,0.007662,0.6802,0.007662,0.867633,0.002702,0.9476,0.002211,0.713667,444.366667
qwen,sum,fb237_v3_ind,50,5,16,3,0.791033,0.006918,0.7831,0.021617,0.680633,0.010531,0.666833,0.03025,0.666833,0.03025,0.886433,0.01297,0.959833,0.010098,0.877667,233.166667
qwen,sum,fb237_v3_ind,125,1,80,3,0.791633,0.014307,0.783067,0.026999,0.6795,0.023552,0.6665,0.038425,0.6665,0.038425,0.883733,0.016438,0.9568,0.010479,0.896133,487.633333
qwen,sum,fb237_v3_ind,150,500,16,3,0.790433,0.012341,0.782933,0.004368,0.691,0.012786,0.6802,0.00756,0.6802,0.00756,0.8646,0.005632,0.949533,0.004864,0.713967,370.233333
qwen,sum,fb237_v3_ind,100,500,16,3,0.791967,0.011754,0.782567,0.003175,0.692933,0.013004,0.677533,0.005456,0.677533,0.005456,0.868,0.005632,0.951067,0.006853,0.715033,259.933333
qwen,sum,fb237_v3_ind,125,500,16,3,0.788467,0.009001,0.782533,0.003356,0.686367,0.008503,0.678267,0.00714,0.678267,0.00714,0.866867,0.003172,0.947233,0.004452,0.713933,311.333333
qwen,sum,fb237_v3_ind,150,1,16,3,0.7889,0.008861,0.7823,0.023177,0.677933,0.0141,0.664933,0.03376,0.664933,0.03376,0.885267,0.017654,0.961367,0.012701,0.901933,564.8
qwen,sum,fb237_v3_ind,100,5,32,3,0.7923,0.007036,0.7822,0.014502,0.675267,0.00748,0.661833,0.019461,0.661833,0.019461,0.889833,0.010856,0.9614,0.014476,0.926333,404.2
qwen,sum,fb237_v3_ind,50,5,32,3,0.791,0.005047,0.7818,0.010887,0.676767,0.006483,0.664167,0.014932,0.664167,0.014932,0.887167,0.003853,0.956367,0.008225,0.902233,232.8
qwen,sum,fb237_v3_ind,200,1000,96,3,0.785433,0.012765,0.781533,0.000709,0.682567,0.016642,0.6798,0.00217,0.6798,0.00217,0.8615,0.003051,0.942633,0.003925,0.704667,609.5
qwen,sum,fb237_v3_ind,75,1,32,3,0.7867,0.002663,0.781467,0.012873,0.672533,0.001222,0.6741,0.014015,0.6741,0.014015,0.873,0.011324,0.950667,0.011401,0.897433,317.3
qwen,sum,fb237_v3_ind,50,500,16,3,0.790033,0.010841,0.7814,0.003483,0.689433,0.013249,0.679033,0.005886,0.679033,0.005886,0.8619,0.00459,0.949133,0.006158,0.711933,154.033333
qwen,sum,fb237_v3_ind,150,1,64,3,0.791367,0.007702,0.781233,0.009975,0.6818,0.019157,0.667567,0.016102,0.667567,0.016102,0.881067,0.008891,0.956767,0.004583,0.874267,576.166667
qwen,sum,fb237_v3_ind,175,1,96,3,0.793433,0.007333,0.780967,0.013639,0.6787,0.0105,0.659933,0.019111,0.659933,0.019111,0.892167,0.012009,0.961733,0.003395,0.914033,649.5
qwen,sum,fb237_v3_ind,175,1000,96,3,0.7859,0.011915,0.780733,0.004124,0.684867,0.012529,0.679433,0.007966,0.679433,0.007966,0.862667,0.00649,0.9449,0.002972,0.704867,531.833333
qwen,sum,fb237_v3_ind,75,5,16,3,0.795033,0.006062,0.780167,0.019502,0.682933,0.008491,0.658067,0.030256,0.658067,0.030256,0.8883,0.008921,0.964433,0.007118,0.924633,315.933333
qwen,sum,fb237_v3_ind,100,1,16,3,0.787733,0.0064,0.780167,0.013152,0.671833,0.008981,0.664133,0.020209,0.664133,0.020209,0.8833,0.006369,0.959433,0.007731,0.918,395.5
qwen,sum,fb237_v3_ind,50,1,48,3,0.786867,0.003707,0.780033,0.010745,0.670233,0.002779,0.6611,0.013228,0.6611,0.013228,0.887933,0.008424,0.9587,0.0033,0.882967,233.3
qwen,sum,fb237_v3_ind,100,1,64,3,0.793933,0.016784,0.780033,0.007391,0.689867,0.025455,0.666033,0.008864,0.666033,0.008864,0.8795,0.00927,0.9541,0.00694,0.8659,401.066667
qwen,sum,fb237_v3_ind,125,1000,96,3,0.784933,0.011083,0.779433,0.005879,0.6822,0.01351,0.6779,0.012258,0.6779,0.012258,0.860733,0.002021,0.944533,0.004447,0.705633,392.133333
qwen,sum,fb237_v3_ind,150,1,48,3,0.7844,0.003551,0.779267,0.015315,0.667967,0.005297,0.658033,0.022307,0.658033,0.022307,0.886033,0.012356,0.960233,0.005785,0.9272,577.233333
qwen,sum,fb237_v3_ind,50,1000,96,3,0.7845,0.010263,0.778667,0.002272,0.682167,0.01119,0.676367,0.005129,0.676367,0.005129,0.861133,0.00138,0.9453,0.003859,0.7046,190.966667
qwen,sum,fb237_v3_ind,125,1,16,3,0.7905,0.003365,0.778633,0.011684,0.676033,0.006427,0.658433,0.018266,0.658433,0.018266,0.885233,0.008495,0.961767,0.006435,0.929167,481.233333
qwen,sum,fb237_v3_ind,100,1000,96,3,0.7837,0.010046,0.7786,0.006051,0.682167,0.012107,0.675967,0.011716,0.675967,0.011716,0.858867,0.00479,0.943767,0.001973,0.700533,327.966667
qwen,sum,fb237_v3_ind,125,1,32,3,0.786133,0.009753,0.7784,0.020263,0.670633,0.012233,0.660733,0.028377,0.660733,0.028377,0.8822,0.007869,0.959833,0.01012,0.922033,478.7
qwen,sum,fb237_v3_ind,175,1,48,3,0.785933,0.009268,0.7776,0.013814,0.667967,0.011082,0.6561,0.020906,0.6561,0.020906,0.8891,0.009277,0.962133,0.007404,0.911667,656.733333
qwen,sum,fb237_v3_ind,125,1000,80,3,0.782433,0.012926,0.777567,0.00085,0.679867,0.014658,0.674867,0.00261,0.674867,0.00261,0.8596,0.000436,0.9407,0.003297,0.700333,366.466667
qwen,sum,fb237_v3_ind,75,1000,80,3,0.7821,0.012553,0.777533,0.002108,0.679467,0.016795,0.674433,0.005928,0.674433,0.005928,0.858867,0.002572,0.942633,0.002892,0.699567,235.466667
qwen,sum,fb237_v3_ind,50,1000,80,3,0.782833,0.011907,0.7773,0.005311,0.680267,0.01513,0.676,0.012586,0.676,0.012586,0.856533,0.002954,0.942233,0.004623,0.6995,177.233333
qwen,sum,fb237_v3_ind,50,1,80,3,0.783967,0.008145,0.7771,0.016195,0.668767,0.011547,0.6607,0.022563,0.6607,0.022563,0.8761,0.013572,0.9579,0.009513,0.8869,232.7
qwen,sum,fb237_v3_ind,100,1000,80,3,0.7806,0.011441,0.776967,0.003313,0.6772,0.012401,0.673667,0.005787,0.673667,0.005787,0.860367,0.003256,0.943733,0.002259,0.6972,297.733333
qwen,sum,fb237_v3_ind,75,1000,96,3,0.786,0.008748,0.776867,0.005519,0.6837,0.009613,0.672167,0.010076,0.672167,0.010076,0.861533,0.003201,0.9453,0.003372,0.701467,260.933333
qwen,sum,fb237_v3_ind,150,1000,80,3,0.781433,0.010874,0.7768,0.004045,0.678333,0.013793,0.675233,0.005805,0.675233,0.005805,0.857333,0.003113,0.941067,0.000513,0.6994,426.333333
qwen,sum,fb237_v3_ind,150,1000,96,3,0.785167,0.011694,0.776267,0.007406,0.683733,0.014453,0.672567,0.013442,0.672567,0.013442,0.859233,0.00195,0.9438,0.005897,0.699167,473.033333
qwen,sum,fb237_v3_ind,100,1,32,3,0.7848,0.006938,0.7758,0.016069,0.670233,0.006904,0.657667,0.024463,0.657667,0.024463,0.884867,0.010361,0.9541,0.004887,0.924967,400.6
qwen,sum,fb237_v3_ind,100,1,48,3,0.788933,0.002991,0.774967,0.023483,0.674433,0.002957,0.6546,0.031412,0.6546,0.031412,0.8818,0.016408,0.957167,0.009118,0.910767,400.9
qwen,sum,fb237_v3_ind,50,1,16,3,0.780867,0.008266,0.774533,0.019393,0.667233,0.012875,0.655,0.026431,0.655,0.026431,0.883733,0.014613,0.956,0.010266,0.874933,243.366667
qwen,sum,fb237_v3_ind,175,1000,80,3,0.782667,0.011814,0.7745,0.002646,0.680267,0.013452,0.669867,0.006513,0.669867,0.006513,0.8577,0.002551,0.9403,0.002816,0.698633,509.2
qwen,sum,fb237_v3_ind,75,1,16,3,0.7806,0.006791,0.774433,0.017262,0.664933,0.013079,0.656867,0.021789,0.656867,0.021789,0.876067,0.015877,0.959067,0.007357,0.917833,317.266667
qwen,sum,fb237_v3_ind,50,1000,64,3,0.7772,0.010387,0.7741,0.005839,0.673733,0.011701,0.6729,0.012285,0.6729,0.012285,0.8531,0.005458,0.9384,0.002427,0.691133,161.866667
qwen,sum,fb237_v3_ind,200,1000,80,3,0.783767,0.009733,0.773367,0.004562,0.681,0.012298,0.667567,0.008584,0.667567,0.008584,0.856167,0.001557,0.942633,0.003925,0.697633,545.366667
qwen,sum,fb237_v3_ind,50,1,32,3,0.788833,0.00125,0.7732,0.014584,0.679067,0.008006,0.657667,0.023165,0.657667,0.023165,0.873733,0.008608,0.9514,0.008839,0.859,237.733333
qwen,sum,fb237_v3_ind,125,1000,64,3,0.7773,0.011099,0.7726,0.005828,0.673733,0.013549,0.671,0.0104,0.671,0.0104,0.851567,0.005845,0.939533,0.003496,0.691833,336.9
qwen,sum,fb237_v3_ind,150,1000,64,3,0.778033,0.010294,0.772533,0.006309,0.674533,0.011633,0.669467,0.012537,0.669467,0.012537,0.8535,0.004124,0.939167,0.001762,0.694767,398.9
qwen,sum,fb237_v3_ind,175,1000,64,3,0.779533,0.008511,0.772233,0.006108,0.676433,0.010075,0.670267,0.013202,0.670267,0.013202,0.849633,0.003126,0.9384,0.003412,0.693433,457.9
qwen,sum,fb237_v3_ind,75,1000,64,3,0.776167,0.0073,0.7722,0.006767,0.673333,0.004868,0.6699,0.013338,0.6699,0.013338,0.851967,0.005873,0.938767,0.00413,0.6927,225.566667
qwen,sum,fb237_v3_ind,200,1000,64,3,0.7768,0.011342,0.771233,0.001704,0.673367,0.013618,0.668733,0.003646,0.668733,0.003646,0.852333,0.005221,0.937633,0.001626,0.692433,494.266667
qwen,sum,fb237_v3_ind,50,1000,48,3,0.7738,0.013907,0.771033,0.002902,0.671067,0.018104,0.670233,0.007966,0.670233,0.007966,0.848867,0.005424,0.931533,0.002307,0.687167,150.9
qwen,sum,fb237_v3_ind,100,1000,64,3,0.778467,0.01342,0.7709,0.004851,0.6753,0.018607,0.667967,0.009069,0.667967,0.009069,0.851967,0.007868,0.938033,0.001266,0.692533,286.933333
qwen,sum,fb237_v3_ind,125,1000,48,3,0.7712,0.01093,0.768667,0.004579,0.667233,0.014607,0.6672,0.00935,0.6672,0.00935,0.8443,0.004915,0.934967,0.003912,0.683867,312.2
qwen,sum,fb237_v3_ind,200,1000,48,3,0.773667,0.015751,0.7676,0.005406,0.670333,0.021563,0.665267,0.010803,0.665267,0.010803,0.844333,0.006123,0.935367,0.004477,0.688667,463.933333
qwen,sum,fb237_v3_ind,175,1000,48,3,0.771533,0.011826,0.767167,0.001779,0.666433,0.013152,0.665233,0.004225,0.665233,0.004225,0.845067,0.005052,0.931133,0.006444,0.6848,425.1
qwen,sum,fb237_v3_ind,100,1000,48,3,0.7725,0.010283,0.7671,0.005624,0.6676,0.013401,0.665667,0.008775,0.665667,0.008775,0.841267,0.005232,0.9315,0.00467,0.685067,257.333333
qwen,sum,fb237_v3_ind,75,1000,48,3,0.771233,0.014099,0.7669,0.004331,0.665667,0.018722,0.664133,0.007801,0.664133,0.007801,0.845433,0.004131,0.934967,0.001557,0.6859,205.8
qwen,sum,fb237_v3_ind,150,1000,48,3,0.7693,0.009493,0.764,0.007718,0.664533,0.012279,0.6592,0.012061,0.6592,0.012061,0.847733,0.006123,0.934967,0.003398,0.682967,371.366667
qwen,sum,fb237_v3_ind,200,1000,32,3,0.759133,0.014351,0.7573,0.006946,0.6519,0.018268,0.654167,0.012067,0.654167,0.012067,0.834767,0.006481,0.924633,0.003523,0.672267,402.933333
qwen,sum,fb237_v3_ind,100,1000,32,3,0.759467,0.013923,0.756433,0.008593,0.652267,0.01817,0.653433,0.014194,0.653433,0.014194,0.8309,0.007074,0.9258,0.00467,0.671033,228.166667
qwen,sum,fb237_v3_ind,125,1000,32,3,0.7607,0.011626,0.755333,0.006071,0.653067,0.014548,0.650367,0.009421,0.650367,0.009421,0.837433,0.005096,0.925033,0.004826,0.672033,272.533333
qwen,sum,fb237_v3_ind,50,1000,32,3,0.764533,0.013258,0.754367,0.006653,0.657267,0.016895,0.648067,0.011402,0.648067,0.011402,0.8344,0.006758,0.9258,0.00239,0.675233,135.5
qwen,sum,fb237_v3_ind,150,1000,32,3,0.7601,0.014068,0.754133,0.007343,0.653067,0.018551,0.648433,0.009473,0.648433,0.009473,0.8321,0.011763,0.926167,0.005873,0.6709,323.966667
qwen,sum,fb237_v3_ind,75,1000,32,3,0.759567,0.015068,0.753733,0.006612,0.652267,0.020256,0.649933,0.012255,0.649933,0.012255,0.829,0.012389,0.924267,0.006951,0.670767,181.966667
qwen,sum,fb237_v3_ind,175,1000,32,3,0.758633,0.007029,0.753133,0.012662,0.651467,0.00791,0.646933,0.019278,0.646933,0.019278,0.831333,0.012446,0.922733,0.001102,0.6683,367.4
qwen,sum,fb237_v3_ind,100,1000,16,3,0.739133,0.016454,0.734933,0.005948,0.630433,0.020756,0.629667,0.004539,0.629667,0.004539,0.8076,0.011414,0.909733,0.004479,0.645167,195.1
qwen,sum,fb237_v3_ind,150,1000,16,3,0.736733,0.014694,0.732633,0.006493,0.627767,0.018073,0.628133,0.013226,0.628133,0.013226,0.804933,0.00572,0.906633,0.000987,0.645133,277.1
qwen,sum,fb237_v3_ind,175,1000,16,3,0.737033,0.0123,0.731667,0.00319,0.6296,0.012494,0.626233,0.009965,0.626233,0.009965,0.8007,0.005437,0.908933,0.005577,0.6386,313.366667
qwen,sum,fb237_v3_ind,200,1000,16,3,0.738733,0.010538,0.731333,0.005256,0.6323,0.010046,0.623967,0.006603,0.623967,0.006603,0.8042,0.012372,0.912767,0.007197,0.645133,340.2
qwen,sum,fb237_v3_ind,75,1000,16,3,0.737667,0.013731,0.7311,0.008624,0.629667,0.017851,0.6251,0.011333,0.6251,0.011333,0.802633,0.012552,0.910867,0.001305,0.6434,156.166667
qwen,sum,fb237_v3_ind,125,1000,16,3,0.737333,0.018032,0.730167,0.002743,0.6289,0.020036,0.6243,0.004151,0.6243,0.004151,0.8034,0.010737,0.9074,0.002066,0.639533,233.3
qwen,sum,fb237_v3_ind,50,1000,16,3,0.735833,0.014886,0.728933,0.006309,0.6239,0.016597,0.622067,0.014233,0.622067,0.014233,0.803767,0.00942,0.906633,0.000987,0.639133,118.766667
