/m/03shp	type	sovereign state
/m/03shp	type	Islamic Republic
/m/03shp	type	country
/m/03shp	type	successor state
/m/0k3p	type	city
/m/0k3p	type	place with town rights and privileges
/m/0k3p	type	big city
/m/0k3p	type	port settlement
/m/0k3p	type	cadastral populated place in the Netherlands
/m/0k3p	type	cycling city
/m/0k3p	type	largest city
/m/0k3p	type	national capital
/m/03rz4	type	ocean
/m/03rz4	type	sea
/m/03rz4	type	geographic region
/m/0fpzwf	type	county seat
/m/0fpzwf	type	city in the United States
/m/0fpzwf	type	big city
/m/05r4w	type	sovereign state
/m/05r4w	type	country
/m/05r4w	type	colonial power
/m/01914	type	city
/m/01914	type	direct-administered municipality
/m/01914	type	national central city
/m/01914	type	global city
/m/01914	type	megacity
/m/01914	type	former national capital
/m/01914	type	metropolis
/m/01914	type	big city
/m/01914	type	national capital
/m/05sb1	type	sovereign state
/m/05sb1	type	country
/m/01s5q	type	manner of death
/m/06q1r	type	constituent country of the United Kingdom
/m/06q1r	type	nation
/m/06q1r	type	country
/m/06mkj	type	sovereign state
/m/06mkj	type	realm
/m/06mkj	type	country
/m/06mkj	type	Mediterranean country
/m/0rtv	type	human settlement
/m/0rtv	type	city
/m/05qjt	type	branch of science
/m/05qjt	type	academic discipline
/m/05qjt	type	exact science
/m/03y82t6	type	human
/m/083p7	type	human
/m/07dvs	type	sovereign state
/m/07dvs	type	landlocked country
/m/07dvs	type	unitary state
/m/07dvs	type	country
/m/01g5v	type	primary color
/m/01g5v	type	HTML4 named color
/m/01g5v	type	spectral color
/m/01g5v	type	web color
/m/07y_7	type	type of musical instrument
/m/02jfc	type	branch of science
/m/02jfc	type	matter
/m/02jfc	type	service type
/m/036b_	type	sovereign state
/m/036b_	type	country
/m/0n00	type	human
/m/06n3y	type	continent
/m/06n3y	type	subcontinent
/m/06n3y	type	statistical territorial entity
/m/06n3y	type	geographic region
/m/0lx2l	type	human
/m/01t_z	type	human
/m/04jpl	type	metropolis
/m/04jpl	type	financial centre
/m/04jpl	type	city
/m/04jpl	type	global city
/m/04jpl	type	megacity
/m/04jpl	type	largest city
/m/04jpl	type	national capital
/m/04jpl	type	geographic location
/m/01cgz	type	type of sport
/m/01cgz	type	spectator sport
/m/02hrh0_	type	county seat
/m/02hrh0_	type	big city
/m/02hrh0_	type	consolidated city-county
/m/050ks	type	U.S. state
/m/0x0w	type	branch of philosophy
/m/0x0w	type	specialty
/m/0x0w	type	field of study
/m/0dhd5	type	administrative territorial entity
/m/0dhd5	type	big city
/m/0dhd5	type	federal capital
/m/03__y	type	sovereign state
/m/03__y	type	constitutional monarchy
/m/03__y	type	country
/m/04hhv	type	sovereign state
/m/04hhv	type	landlocked country
/m/04hhv	type	communist state
/m/04hhv	type	people's republic
/m/04hhv	type	country
/m/04sj3	type	sovereign state
/m/04sj3	type	island country
/m/04sj3	type	country
/m/04sj3	type	unitary state
/m/05fkf	type	U.S. state
/m/04xm_	type	human
/m/0bxjv	type	military alliance
/m/04sv4	type	software company
/m/04sv4	type	business
/m/04sv4	type	technology company
/m/04sv4	type	public company
/m/06nnj	type	sovereign state
/m/06nnj	type	country
/m/06nnj	type	national geopolitical entity
/m/06nnj	type	republic
/m/06nnj	type	colony
/m/06nnj	type	historical country
/m/03sbs	type	human
/m/05d1y	type	human
/m/0g4gr	type	specialty
/m/0g4gr	type	academic discipline
/m/0g4gr	type	function
/m/082xp	type	human
/m/03_9r	type	natural language
/m/03_9r	type	modern language
/m/04hzj	type	republic
/m/04hzj	type	sovereign state
/m/04hzj	type	country
/m/03902	type	cantonal capital of Switzerland
/m/03902	type	college town
/m/03902	type	city of Switzerland
/m/03902	type	big city
/m/03902	type	municipality of Switzerland
/m/06kb_	type	human
/m/09b93	type	commune of Italy
/m/09b93	type	city
/m/09b93	type	big city
/m/03h64	type	special administrative region
/m/03h64	type	city
/m/03h64	type	big city
/m/03h64	type	metropolis
/m/03h64	type	global city
/m/03h64	type	dependent territory
/m/03h64	type	city-state
/m/03h64	type	customs territory of China
/m/05dbf	type	human
/m/07_m9_	type	human
/m/0237fw	type	human
/m/0dprg	type	commune of France
/m/0dprg	type	commune of France with specific status
/m/0dprg	type	big city
/m/0dprg	type	college town
/m/0c61p	type	region of Italy
/m/0c61p	type	peninsula
/m/0c61p	type	cultural region
/m/0cc56	type	borough of New York City
/m/0cc56	type	consolidated city-county
/m/04w58	type	sovereign state
/m/04w58	type	unitary state
/m/04w58	type	principality
/m/04w58	type	city-state
/m/04w58	type	Mediterranean country
/m/04w58	type	border city
/m/04w58	type	country
/m/04w58	type	city
/m/07ytt	type	sovereign state
/m/07ytt	type	city-state
/m/07ytt	type	enclave
/m/07ytt	type	landlocked country
/m/07ytt	type	tourist attraction
/m/07ytt	type	Mediterranean country
/m/07ytt	type	country
/m/07ytt	type	religious complex
/m/07ytt	type	institutional complex
/m/07ytt	type	urban area
/m/07ytt	type	tourist destination
/m/07ytt	type	confessional state
/m/07ytt	type	sacerdotal state
/m/05kj_	type	U.S. state
/m/041wm	type	human
/m/0bqsy	type	human
/m/05lls	type	music genre
/m/05lls	type	theatrical genre
/m/05lls	type	type of dramatico-musical work
/m/09nhvw	type	human
/m/01my95	type	human
/m/048cl	type	human
/m/062qg	type	city
/m/062qg	type	big city
/m/09n70c	type	human
/m/04xzm	type	human
/m/056_y	type	municipality of Spain
/m/056_y	type	tourist destination
/m/056_y	type	city
/m/056_y	type	national capital
/m/0542n	type	endemic disease
/m/0542n	type	class of disease
/m/042xh	type	human
/m/0ck1d	type	region of France
/m/01pwz	type	human
/m/05d49	type	administrative territorial entity of Kenya
/m/05d49	type	big city
/m/08959	type	human
/m/05wvs	type	structural class of chemical entities
/m/05wvs	type	second-order class
/m/07t21	type	sovereign state
/m/07t21	type	country
/m/07t21	type	unitary state
/m/07t21	type	republic
/m/07t21	type	social state
/m/07t21	type	Rechtsstaat
/m/07t21	type	territory
/m/0j0k	type	continent
/m/0j0k	type	part of the world
/m/0j0k	type	geographic region
/m/0345_	type	sovereign state
/m/0345_	type	republic
/m/0345_	type	country
/m/0345_	type	banana republic
/m/026mj	type	U.S. state
/m/0d6lp	type	consolidated city-county
/m/0d6lp	type	city in the United States
/m/0d6lp	type	sanctuary city
/m/0d6lp	type	city
/m/0d6lp	type	big city
/m/0d6lp	type	charter city
/m/02nd_	type	office building
/m/02nd_	type	skyscraper
/m/02nd_	type	tourist attraction
/m/01w1sx	type	cold war
/m/01w1sx	type	perpetual war
/m/01w1sx	type	proxy war
/m/01w1sx	type	historical period
/m/04306rv	type	language
/m/04306rv	type	modern language
/m/03rjj	type	country
/m/03rjj	type	sovereign state
/m/03rjj	type	social state
/m/03rjj	type	unitary state
/m/03rjj	type	republic
/m/03rjj	type	Mediterranean country
/m/03rjj	type	great power
/m/0478__m	type	human
/m/0j1z8	type	sovereign state
/m/0j1z8	type	country
/m/099d4	type	human
/m/09krp	type	federated state of Germany
/m/05qdh	type	method
/m/05qdh	type	type of arts
/m/05qdh	type	hobby
/m/03h2c	type	sovereign state
/m/03h2c	type	country
/m/06dfg	type	republic
/m/06dfg	type	sovereign state
/m/06dfg	type	landlocked country
/m/06dfg	type	country
/m/05bmq	type	republic
/m/05bmq	type	sovereign state
/m/05bmq	type	country
/m/01n8qg	type	Commonwealth realm
/m/01n8qg	type	island country
/m/01n8qg	type	sovereign state
/m/01n8qg	type	country
/m/01n8qg	type	archipelagic state
/m/03rt9	type	sovereign state
/m/03rt9	type	island country
/m/03rt9	type	country
/m/03rt9	type	successor state
/m/03gj2	type	sovereign state
/m/03gj2	type	landlocked country
/m/03gj2	type	country
/m/03gj2	type	successor state
/m/01zwy	type	human
/m/068cn	type	region of Italy
/m/09fb5	type	human
/m/023fb	type	association football club
/m/081yw	type	U.S. state
/m/01cr28	type	largest city
/m/01cr28	type	largest city
/m/01cr28	type	city of republic significance
/m/01cr28	type	city or town
/m/01cr28	type	big city
/m/0cmc2	type	war
/m/0jc_p	type	web color
/m/0jc_p	type	secondary color
/m/0jc_p	type	spectral color
/m/078lk	type	region of Italy
/m/078lk	type	autonomous region with special statute
/m/07ypt	type	city in British Columbia
/m/07ypt	type	big city
/m/05bkf	type	big city
/m/05bkf	type	free imperial city
/m/05bkf	type	urban municipality in Germany
/m/05bkf	type	urban district of Bavaria
/m/01tdpv	type	historical country
/m/01tdpv	type	sovereign state
/m/026t6	type	family of musical instruments
/m/06mq7	type	academic discipline
/m/06mq7	type	Wissenschaft
/m/059ts	type	territory of Canada
/m/05j49	type	province of Canada
/m/03d6q	type	human
/m/06wxw	type	big city
/m/06wxw	type	independent city
/m/06wxw	type	city in the United States
/m/0zm1	type	human
/m/0hhqw	type	human
/m/07j9n	type	religious war
/m/096gm	type	municipality of Romania
/m/096gm	type	first-level administrative division
/m/096gm	type	big city
/m/096gm	type	college town
/m/096gm	type	largest city
/m/03ksy	type	private university
/m/03ksy	type	research university
/m/03ksy	type	Colonial Colleges
/m/03ksy	type	private not-for-profit educational institution
/m/09lwrt	type	rock band
/m/0grwj	type	human
/m/03h_fk5	type	human
/m/0cvw9	type	municipal corporation of West Bengal
/m/0cvw9	type	megacity
/m/0cvw9	type	state capital
/m/0cvw9	type	metropolis
/m/0b2lw	type	city in the United States
/m/0b2lw	type	county seat
/m/0b2lw	type	state or insular area capital of the United States
/m/0b2lw	type	big city
/m/0134w7	type	human
/m/06k5_	type	state of India
/m/06q07	type	holding company
/m/06q07	type	conglomerate
/m/06q07	type	public company
/m/06q07	type	camera manufacturer
/m/06q07	type	brand
/m/06q07	type	multinational corporation
/m/0fngf	type	city
/m/0fngf	type	big city
/m/02_7t	type	academic discipline
/m/02_7t	type	academic major
/m/02_7t	type	function
/m/02_7t	type	specialty
/m/02_7t	type	field of study
/m/03p85	type	state of India
/m/0gs6vr	type	human
/m/01nv4h	type	currency
/m/01nv4h	type	pound
/m/04k4l	type	intergovernmental organization
/m/04k4l	type	international organization
/m/05kkh	type	U.S. state
/m/09jwl	type	musical profession
/m/09jwl	type	occupation
/m/0lcx	type	human
/m/0345h	type	sovereign state
/m/0345h	type	social state
/m/0345h	type	Rechtsstaat
/m/0345h	type	country bordering the Baltic Sea
/m/0345h	type	country
/m/070zc	type	federated state of Germany
/m/0h0wc	type	human
/m/04q_g	type	region of Italy
/m/04k8n	type	imprecise class of chemical entities
/m/029g_vk	type	branch of science
/m/029g_vk	type	academic discipline
/m/029jpy	type	cultural area
/m/029jpy	type	U.S. region
/m/02fsn	type	type of musical instrument
/m/02fsn	type	bass
/m/01vtj38	type	human
/m/0c58k	type	class of disease
/m/0c58k	type	disease
/m/0dly0	type	commune of Italy
/m/0dly0	type	city
/m/0dly0	type	big city
/m/0dly0	type	tourist destination
/m/02pp1	type	national association football team
/m/0dhdp	type	city
/m/0dhdp	type	county town
/m/0dhdp	type	big city
/m/084w8	type	human
/m/01cm8w	type	animated film
/m/02_fj	type	human
/m/01hmnh	type	speculative fiction genre
/m/07gp9	type	film
/m/0qpn9	type	city in the United States
/m/0qpn9	type	big city
/m/09c17	type	business cluster
/m/09c17	type	city
/m/09c17	type	big city
/m/09c17	type	megacity
/m/09c17	type	state capital
/m/09c17	type	global city
/m/0c630	type	commune of Italy
/m/0c630	type	big city
/m/0cd25	type	medical specialty
/m/0cd25	type	academic discipline
/m/030cx	type	television series
/m/01352_	type	national association football team
/m/0ct9_	type	human
/m/04shbh	type	human
/m/0glt670	type	music genre
/m/02ltg3	type	national association football team
/m/08815	type	private university
/m/08815	type	research university
/m/08815	type	Colonial Colleges
/m/08815	type	private not-for-profit educational institution
/m/08815	type	academic publisher
/m/0465_	type	human
/m/02gys2	type	association football club
/m/0127s7	type	human
/m/015z4j	type	human
/m/0m75g	type	city
/m/0m75g	type	big city
/m/0m75g	type	unparished area
/m/01_lhg	type	national association football team
/m/0ckf6	type	association football club
/m/04411	type	human
/m/02245	type	communist party
/m/084n_	type	historical period
/m/084n_	type	historical country
/m/084n_	type	sovereign state
/m/0159h6	type	human
/m/01hpnh	type	state of India
/m/01d30f	type	profession
/m/01d30f	type	occupation
/m/01d30f	type	position
/m/012gbb	type	human
/m/024hh1	type	city of Iran
/m/03jht	type	human
/m/029sk	type	learning disability
/m/029sk	type	reading disability
/m/029sk	type	class of disease
/m/07nf6	type	federated state of Germany
/m/025sf8g	type	chemical element
/m/025sf8g	type	flammable solid
/m/025sf8g	type	chalcophile element
/m/0ccvx	type	borough of New York City
/m/0ccvx	type	consolidated city-county
/m/03dj48	type	national association football team
/m/01vw87c	type	human
/m/0c1d0	type	big city
/m/0c1d0	type	county seat
/m/012x4t	type	human
/m/0ft18	type	film
/m/03f2_rc	type	human
/m/0356gk	type	national association football team
/m/014clr	type	province of China
/m/0j862	type	voice type
/m/0j862	type	profession
/m/0266bd5	type	association football club
/m/0fltx	type	health risk
/m/0fltx	type	class of disease
/m/0fltx	type	symptom or sign
/m/0fltx	type	academic discipline
/m/06jkm	type	human
/m/01vksx	type	film
/m/0fb1q	type	human
/m/0k424	type	big city
/m/0k424	type	Belgian municipality with the title of city
/m/0k424	type	municipality of Belgium
/m/0k424	type	city
/m/0ftvg	type	city in the United States
/m/0ftvg	type	county seat
/m/0ftvg	type	state or insular area capital of the United States
/m/0ftvg	type	big city
/m/0qf43	type	human
/m/0c4f4	type	human
/m/0h1mt	type	human
/m/09d5h	type	television station
/m/09d5h	type	television network
/m/09d5h	type	radio network
/m/035p3	type	suspension bridge
/m/035p3	type	steel bridge
/m/035p3	type	toll bridge
/m/035p3	type	road bridge
/m/035p3	type	tourist attraction
/m/01c6yz	type	region of France
/m/0329r5	type	national association football team
/m/07dnx	type	human
/m/03xks	type	industry
/m/03xks	type	product category
/m/017gm7	type	film
/m/09gq0x5	type	film
/m/0c6g1l	type	human
/m/011xhx	type	rock band
/m/0kbvv	type	Winter Olympic Games
/m/013kcv	type	city in the United States
/m/013kcv	type	big city
/m/013kcv	type	county seat
/m/03j43	type	human
/m/02j3w	type	city in the United States
/m/02j3w	type	county seat
/m/02j3w	type	big city
/m/03x45p	type	big city
/m/03x45p	type	centre of oblast
/m/03x45p	type	city of regional significance of Ukraine
/m/0b2h3	type	locality
/m/0b2h3	type	city
/m/0b2h3	type	big city
/m/0b2h3	type	locality of Mexico
/m/041y2	type	industry
/m/041y2	type	academic discipline
/m/041y2	type	artistic creation
/m/041y2	type	genre
/m/01tt43d	type	human
/m/01f7d	type	literary award
/m/0ljbg	type	association football club
/m/01vrt_c	type	human
/m/0n6f8	type	human
/m/0f5xn	type	human
/m/0gs1_	type	human
/m/07gdw	type	city
/m/07gdw	type	big city
/m/07gdw	type	urban municipality in Germany
/m/07gdw	type	urban district of Rhineland-Palatinate
/m/07gdw	type	district capital
/m/07gdw	type	ancient city
/m/02l840	type	human
/m/05nwr	type	archipelago
/m/05nwr	type	Scottish council area
/m/05nwr	type	registration county
/m/05nwr	type	lieutenancy area of Scotland
/m/05nwr	type	Scottish islands area
/m/05nwr	type	shire of Scotland
/m/05nwr	type	historic county of the United Kingdom
/m/0ddjy	type	film
/m/053yx	type	human
/m/01gjlw	type	association football club
/m/0gxmj	type	department of France
/m/041_y	type	human
/m/0jm74	type	basketball team
/m/02cpp	type	musical group
/m/073v6	type	human
/m/03b79	type	empire
/m/03b79	type	historical country
/m/03b79	type	historical period
/m/03b79	type	colonial power
/m/03b79	type	country
/m/03b79	type	federation
/m/03b79	type	sovereign state
/m/011k_j	type	type of musical instrument
/m/0mj0c	type	human
/m/02s9vc	type	national association football team
/m/03_qj1	type	national association football team
/m/05zl0	type	private university
/m/05zl0	type	research university
/m/05zl0	type	Colonial Colleges
/m/05zl0	type	private not-for-profit educational institution
/m/05zl0	type	academic publisher
/m/02vyw	type	human
/m/01cz_1	type	big city
/m/01cz_1	type	major regional center
/m/01cz_1	type	urban municipality in Germany
/m/01cz_1	type	urban district of Bavaria
/m/01cz_1	type	district capital
/m/01cz_1	type	Option municipality
/m/0hqgp	type	human
/m/02qhlm	type	association football club
/m/06wvj	type	human
/m/02rn00y	type	animated film
/m/060bp	type	position
/m/0dq16	type	city in the United States
/m/0dq16	type	big city
/m/0dq16	type	city in the state of New York
/m/0dq16	type	county seat
/m/085gk	type	human
/m/06cs1	type	industry
/m/06nbt	type	art genre
/m/017s11	type	film production company
/m/017s11	type	film distributor
/m/072w0	type	Christian denomination
/m/072w0	type	Christian organization
/m/072w0	type	organization
/m/0hgxh	type	clinical sign
/m/0hgxh	type	symptom or sign
/m/0hgxh	type	health problem
/m/0gxkm	type	association football club
/m/0gxkm	type	men's association football team
/m/05mdx	type	class of disease
/m/083skw	type	film
/m/09k56b7	type	film
/m/0hcvy	type	human
/m/0gjw_	type	battle
/m/051qvn	type	sports club
/m/051qvn	type	local Internet registry
/m/051qvn	type	association football club
/m/051qvn	type	nonprofit organization
/m/015l4k	type	Winter Olympic Games
/m/01gqfm	type	sports discipline
/m/03g9xj	type	television series
/m/01flgk	type	historical country
/m/01flgk	type	empire
/m/01flgk	type	regime
/m/011k1h	type	business
/m/011k1h	type	privately held company
/m/011k1h	type	record company
/m/011k1h	type	holding company
/m/011k1h	type	record label
/m/0gq9h	type	award for best film
/m/0gq9h	type	Academy Awards
/m/0272vm	type	national association football team
/m/0134wr	type	musical group
/m/0134wr	type	sibling trio
/m/07h1q	type	human
/m/0flw6	type	human
/m/019kyn	type	film
/m/019kyn	type	animated film
/m/0fvzz	type	city of Pennsylvania
/m/0fvzz	type	county seat
/m/0fvzz	type	optional charter municipality of Pennsylvania
/m/07qv_	type	natural language
/m/07qv_	type	modern language
/m/03lygq	type	national association football team
/m/0cbd2	type	profession
/m/0cbd2	type	occupation
/m/0h0jz	type	human
/m/0mgrh	type	department of France
/m/06py2	type	software company
/m/06py2	type	public company
/m/0cbkc	type	human
/m/016ywr	type	human
/m/01nd2c	type	association football club
/m/01nd2c	type	nonprofit organization
/m/01hkhq	type	human
/m/0g1rw	type	business
/m/0g1rw	type	film production company
/m/04991x	type	association football club
/m/02y0dd	type	human
/m/02xlf	type	art genre
/m/05jx17	type	association football club
/m/0bvzp	type	human
/m/06nzl	type	new religious movement
/m/06nzl	type	religion
/m/067ghz	type	film
/m/03z1c5	type	national association football team
/m/0hz_1	type	human
/m/049n2l	type	association football club
/m/049n2l	type	men's association football team
/m/0jmgb	type	basketball team
/m/035s37	type	national association football team
/m/0bbf1f	type	human
/m/01whg97	type	human
/m/01323p	type	musical group
/m/065dc4	type	film
/m/01pt5w	type	highly urbanized city
/m/01pt5w	type	largest city
/m/01pt5w	type	planned community
/m/0hwqz	type	human
/m/01fmy9	type	historical country
/m/01fmy9	type	regime
/m/016xh5	type	human
/m/0f6lx	type	human
/m/0jm8l	type	basketball team
/m/0329t7	type	national association football team
/m/02_j1w	type	association football position
/m/015d3h	type	human
/m/08ct6	type	film
/m/022fdt	type	ethnic group
/m/022fdt	type	people
/m/022fdt	type	human population
/m/0cf2h	type	human
/m/01y06y	type	public university
/m/01y06y	type	open-access publisher
/m/01y06y	type	comprehensive university
/m/01y06y	type	university of applied sciences
/m/0h9c	type	profession
/m/0m__z	type	city
/m/0m__z	type	administrative city in the Republic of Ireland
/m/01f8hf	type	film
/m/0dbb3	type	human
/m/03ym1	type	human
/m/062zm5h	type	film
/m/09q2t	type	color
/m/09q2t	type	HTML4 named color
/m/03mqj_	type	association football club
/m/0223bl	type	association football club
/m/03q5t	type	type of musical instrument
/m/06lvlf	type	human
/m/09qh1	type	human
/m/09bnf	type	natural language
/m/09bnf	type	modern language
/m/03x7hd	type	film
/m/03x7hd	type	animated film
/m/0c7ct	type	human
/m/0c3p7	type	human
/m/0gjv_	type	university
/m/0gjv_	type	higher education institution
/m/0gjv_	type	open-access publisher
/m/0gjv_	type	educational organization
/m/0xjl2	type	music genre
/m/01sbv9	type	animated film
/m/01f7j9	type	human
/m/073bb	type	human
/m/0124ld	type	Winter Olympic Games
/m/051kv	type	Christian denominational family
/m/0gqrb	type	human
/m/01_bkd	type	music genre
/m/03z0dt	type	national association football team
/m/01_gv	type	association football club
/m/01_gv	type	men's association football team
/m/075mb	type	province of Pakistan
/m/02k9k9	type	association football club
/m/0m32h	type	class of disease
/m/01sl1q	type	human
/m/0c921	type	human
/m/0k8y7	type	human
/m/01rlzn	type	association football club
/m/0c4xc	type	comedic genre
/m/0c4xc	type	radio genre
/m/0c4xc	type	television series genre
/m/041mt	type	human
/m/0h407	type	language
/m/0h407	type	natural language
/m/0h407	type	modern language
/m/08phg9	type	Star Trek film
/m/08phg9	type	film
/m/0y_9q	type	film
/m/0dz3r	type	musical profession
/m/01vv6xv	type	human
/m/032t2z	type	human
/m/0k4f3	type	film
/m/0gmgwnv	type	film
/m/0nk72	type	human
/m/03n5v	type	association football club
/m/0ds2n	type	film
/m/03078l	type	association football club
/m/0167q3	type	city in the United States
/m/0167q3	type	big city
/m/0167q3	type	county seat
/m/01dvms	type	human
/m/094vy	type	historic county of England
/m/01423b	type	city
/m/01423b	type	county town
/m/01423b	type	unparished area
/m/01vl17	type	human
/m/0lvng	type	university
/m/0pf2	type	academic discipline
/m/0pf2	type	academic major
/m/0d6b7	type	film
/m/01z3bz	type	institute of technology
/m/01z3bz	type	public research university
/m/01z3bz	type	local Internet registry
/m/01z3bz	type	University of Excellence
/m/016lj_	type	musical group
/m/05jqy	type	ChEBI Ontology term
/m/03xnq9_	type	human
/m/0hkb8	type	minor basilica
/m/0hkb8	type	Catholic cathedral
/m/03h0k1	type	association football club
/m/03h0k1	type	association football team
/m/07r_dg	type	human
/m/0g5gq	type	group of stereoisomers
/m/06zgc	type	type of sport
/m/01pny5	type	human
/m/07tjf	type	university
/m/07tjf	type	Swedish government agency
/m/033cnk	type	food ingredient
/m/033cnk	type	shape
/m/033cnk	type	ingredient
/m/033cnk	type	animal-based food
/m/06bng	type	human
/m/032v0v	type	human
/m/0fj9f	type	profession
/m/0fdys	type	sub-set of literature
/m/0fdys	type	academic discipline
/m/0bt7w	type	music genre
/m/01v40wd	type	human
/m/01pcq3	type	human
/m/03cf9ly	type	television series
/m/0gqng	type	award for best film
/m/0gqng	type	Academy Awards
/m/0h1tz	type	type of chemical entity
/m/01jb8r	type	national language
/m/01jb8r	type	modern language
/m/01jb8r	type	standard variety
/m/01jb8r	type	dialect
/m/01jb8r	type	dialect group
/m/01jb8r	type	logographic writing system
/m/01jb8r	type	multiethnolect
/m/01kgxf	type	human
/m/01vcnl	type	association football club
/m/016pns	type	human
/m/0h1nt	type	human
/m/0k9ts	type	airline
/m/0k9ts	type	business
/m/0k9ts	type	public company
/m/017lb_	type	musical group
/m/045346	type	national association football team
/m/06mnps	type	human
/m/09_94	type	type of sport
/m/09_94	type	dyad
/m/01mxt_	type	human
/m/0kpys	type	county of California
/m/0cqt41	type	baseball team
/m/01hf6	type	province of Pakistan
/m/04x1_w	type	human
/m/0f94t	type	neighborhood of Manhattan
/m/0f94t	type	unincorporated community in the United States
/m/0f94t	type	village of New York
/m/0284h6	type	association football club
/m/0154d7	type	human
/m/0jtg0	type	type of musical instrument
/m/026kmvf	type	human
/m/0ddkf	type	human
/m/0gqy2	type	Academy Awards
/m/0gqy2	type	award for best supporting actor
/m/02q52q	type	film
/m/06gd4	type	human
/m/04kjrv	type	human
/m/03fwln	type	human
/m/0fbw6	type	taxon
/m/0glh3	type	ceremonial county of England
/m/032xhg	type	human
/m/0lkr7	type	human
/m/0146mv	type	television station
/m/0jgwf	type	human
/m/0_vn7	type	city in the United States
/m/0_vn7	type	big city
/m/0_vn7	type	county seat
/m/0dwt5	type	type of musical instrument
/m/0gmtm	type	human
/m/015g28	type	miniseries
/m/0f4kp	type	group or class of chemical substances
/m/03cp4cn	type	film
/m/01yx7f	type	credit institution
/m/01yx7f	type	business
/m/01yx7f	type	enterprise
/m/01yx7f	type	public company
/m/01yx7f	type	bank
/m/06rgq	type	human
/m/0fvr1	type	film
/m/0h1n9	type	designated intractable/rare disease
/m/0h1n9	type	rare disease
/m/0h1n9	type	class of disease
/m/04knvh	type	association football club
/m/01s21dg	type	human
/m/01w8sf	type	human
/m/0jbqf	type	ice hockey team
/m/01_f_5	type	human
/m/02hfp_	type	human
/m/01dbk6	type	human
/m/02mjf2	type	human
/m/0m2wm	type	human
/m/014hdb	type	human
/m/0125xq	type	film
/m/0164qt	type	film
/m/02vrgnr	type	film
/m/01s1zk	type	human
/m/0gjc4d3	type	film
/m/0kq9l	type	association football club
/m/033hn8	type	record label
/m/06z8s_	type	film
/m/06z8s_	type	remake
/m/01fscv	type	city in the United States
/m/01fscv	type	county seat
/m/034x61	type	human
/m/01hv3t	type	film
/m/0639bg	type	film
/m/01j7pt	type	specialty channel
/m/01j7pt	type	cable channel
/m/0fwc0	type	independent city
/m/0fwc0	type	big city
/m/04hk0w	type	film
/m/02g0rb	type	human
/m/035l_9	type	national association football team
/m/03fd8x	type	association football club
/m/02py9yf	type	television series
/m/0d68qy	type	television series
/m/07sbk	type	musical duo
/m/01wgxtl	type	human
/m/09y2k2	type	national cuisine
/m/09y2k2	type	culture of Italy
/m/01f2w0	type	television station
/m/08658y	type	association football club
/m/08658y	type	sports club
/m/024n3z	type	human
/m/01_1hw	type	film
/m/03__77	type	national association football team
/m/0h95927	type	film
/m/01j5ts	type	human
/m/0bxsk	type	film
/m/0m0hw	type	human
/m/0hpz8	type	human
/m/01j48s	type	association football club
/m/01j48s	type	association football team
/m/0qpqn	type	city in the United States
/m/0qpqn	type	big city
/m/046vvc	type	national association football team
/m/040_t	type	human
/m/0glbqt	type	film
/m/0bw6y	type	human
/m/0716t2	type	human
/m/0m7yh	type	public research university
/m/0m7yh	type	local Internet registry
/m/0m7yh	type	comprehensive university
/m/0m7yh	type	University of Excellence
/m/0m7yh	type	public university
/m/0m7yh	type	publishing company
/m/0gthm	type	human
/m/0517bc	type	human
/m/016h4r	type	human
/m/01vt5c_	type	human
/m/0d90m	type	film
/m/018x3	type	human
/m/06_sc3	type	film
/m/02rb84n	type	animated film
/m/02661h	type	human
/m/0xn7q	type	city in New Jersey
/m/0xn7q	type	county seat
/m/0571m	type	film
/m/04gj8r	type	national association football team
/m/07kc_	type	type of musical instrument
/m/07k2mq	type	film
/m/01ynzf	type	human
/m/0sw6g	type	human
/m/016khd	type	human
/m/047gn4y	type	film
/m/0zjpz	type	human
/m/0f2zc	type	human
/m/0144wg	type	unparished area
/m/0144wg	type	city
/m/015cj9	type	town
/m/015cj9	type	big city
/m/015cj9	type	unparished area
/m/0168ls	type	film
/m/02lnbg	type	music genre
/m/02psgq	type	film
/m/0ws7	type	American football team
/m/0t_2	type	ethnolect
/m/0t_2	type	natural language
/m/0t_2	type	dialect
/m/013wf1	type	town
/m/013wf1	type	big city
/m/013wf1	type	unparished area
/m/013wf1	type	market town
/m/02tk74	type	human
/m/02v570	type	film
/m/02gl58	type	television series
/m/04_bfq	type	association football club
/m/04_bfq	type	men's association football team
/m/0gh65c5	type	film
/m/0bwgc_	type	human
/m/0cq7kw	type	film
/m/0cq7kw	type	release group
/m/05p1tzf	type	film
/m/018fmr	type	human
/m/01c6l	type	human
/m/0jltp	type	musical group
/m/01qb5d	type	film
/m/01vxxb	type	human
/m/02p3my	type	city
/m/02p3my	type	big city
/m/035yn8	type	film
/m/03lh3v	type	human
/m/0py8j	type	war of national liberation
/m/0py8j	type	military occupation
/m/0py8j	type	encyclopedia article
/m/01nxfc	type	profession
/m/0170s4	type	human
/m/011j5x	type	music genre
/m/020y73	type	film
/m/02hmvc	type	film format
/m/02hmvc	type	type of cinematic work
/m/02hmvc	type	film genre
/m/05hyn5	type	association football club
/m/026r8q	type	human
/m/012kyx	type	film
/m/0fpv_3_	type	film
/m/016_mj	type	human
/m/0dgd_	type	filmmaking occupation
/m/0dgd_	type	title of authority
/m/0dgd_	type	occupation
/m/01p1z_	type	human
/m/07szy	type	public research university
/m/07szy	type	public educational institution of the United States
/m/03v_5	type	city in the state of New York
/m/03v_5	type	college town
/m/08314	type	county of Ireland
/m/0qpsn	type	city in the United States
/m/0qpsn	type	big city
/m/020l9r	type	human
/m/01g888	type	music genre
/m/01t8gz	type	market town
/m/01t8gz	type	unparished area
/m/0187y5	type	human
/m/06rny	type	American football team
/m/013h9	type	independent city
/m/013h9	type	city
/m/0gyvgw	type	town
/m/0gyvgw	type	big city
/m/0gyvgw	type	unparished area
/m/0gyvgw	type	market town
/m/01vvybv	type	human
/m/07s6fsf	type	professional degree
/m/07s6fsf	type	postgraduate degree
/m/04lhc4	type	film
/m/07vn_9	type	film
/m/0hskw	type	human
/m/011zf2	type	human
/m/01vw_dv	type	human
/m/02b15h	type	association football club
/m/039g82	type	human
/m/0_3cs	type	city of Pennsylvania
/m/0_3cs	type	county seat
/m/0_3cs	type	home rule municipality of Pennsylvania
/m/011ykb	type	film
/m/0p7h7	type	human
/m/0bh8tgs	type	film
/m/057lbk	type	film
/m/0pz6q	type	public university
/m/0pz6q	type	comprehensive university
/m/0pz6q	type	open-access publisher
/m/012q4n	type	human
/m/01wg25j	type	human
/m/01pnn3	type	human
/m/08xvpn	type	film
/m/04rsd2	type	human
/m/016017	type	animated film
/m/02m4d	type	strait
/m/02m4d	type	estuary
/m/01vvzb1	type	human
/m/02s_qz	type	human
/m/0d1qn	type	city in the United States
/m/0d1qn	type	county seat
/m/01s3kv	type	human
/m/01q7cb_	type	human
/m/0b2v79	type	film
/m/033jj1	type	human
/m/02_l96	type	human
/m/034np8	type	human
/m/0l39b	type	city in the United States
/m/0l39b	type	big city
/m/0l39b	type	county seat
/m/0b4lkx	type	film
/m/024zq	type	human
/m/01jrvr6	type	human
/m/01k0vq	type	film
/m/04r7f2	type	national association football team
/m/03558l	type	basketball position
/m/02b185	type	association football club
/m/0r8c8	type	city in the United States
/m/0r8c8	type	big city
/m/03xl77	type	human
/m/0b1y_2	type	film
/m/04dsnp	type	film
/m/0h326	type	human
/m/01cbt3	type	human
/m/01f7v_	type	human
/m/023s8	type	human
/m/030k94	type	television series
/m/05jzt3	type	film
/m/09byk	type	human
/m/02qr69m	type	film
/m/015cz0	type	university
/m/015cz0	type	open-access publisher
/m/015cz0	type	Ottoman Association
/m/02pjc1h	type	film
/m/04q01mn	type	film
/m/067zx9	type	association football club
/m/0fm6m8	type	association football club
/m/01dbhb	type	human
/m/06rpd	type	American football team
/m/043vc	type	American football team
/m/03x16f	type	human
/m/08vq2y	type	association football club
/m/0m24v	type	county of Arizona
/m/026qnh6	type	film
/m/04ls53	type	human
/m/01bns_	type	type of musical instrument
/m/0372kf	type	human
/m/0m27n	type	county of Arizona
/m/011yqc	type	film
/m/0xc9x	type	city in the United States
/m/0xc9x	type	big city
/m/01c0cc	type	public research university
/m/01c0cc	type	institute of technology
/m/01c0cc	type	University of Excellence
/m/0by1wkq	type	film
/m/02_p8v	type	human
/m/05sq84	type	human
/m/02cx90	type	human
/m/034hwx	type	film
/m/017dbx	type	media franchise
/m/09sh8k	type	film
/m/0jhjl	type	public university
/m/0jhjl	type	higher education institution directly under Ministry of Education of the People’s Republic of China
/m/0jhjl	type	vice-ministerial level university
/m/0qpjt	type	city in the United States
/m/0qpjt	type	big city
/m/098s2w	type	film
/m/0hpt3	type	business
/m/0hpt3	type	enterprise
/m/0hpt3	type	board game publishing company
/m/0hpt3	type	public company
/m/041xyk	type	association football club
/m/041xyk	type	association football team
/m/082gq	type	film genre
/m/0gd9k	type	human
/m/016y_f	type	film
/m/01xllf	type	human
/m/02cm61	type	academic discipline
/m/02cm61	type	work
/m/04d_mtq	type	human
/m/01q2nx	type	film
/m/02496r	type	county of Ireland
/m/01m8dg	type	town in the United States
/m/01m8dg	type	county seat
/m/015pxr	type	human
/m/02b9g4	type	human
/m/05ns4g	type	association football club
/m/03_wvl	type	human
/m/0525b	type	human
/m/02gf_l	type	human
/m/0fpj4lx	type	human
/m/03v36	type	human
/m/0bl5c	type	film
/m/0m28g	type	county of Arizona
/m/0yfvf	type	city in the United States
/m/0yfvf	type	big city
/m/0yfvf	type	county seat
/m/03rbzn	type	sports discipline
/m/05qbbfb	type	film
/m/023n39	type	human
/m/0dxyzb	type	association football club
/m/02jxrw	type	film
/m/0k0rf	type	film
/m/0179q0	type	city in British Columbia
/m/07ykkx5	type	film
/m/016h9b	type	human
/m/051gjr	type	association football club
/m/06wpc	type	baseball team
/m/011yr9	type	film
/m/03c602	type	human
/m/01v9l67	type	human
/m/0jmnl	type	basketball team
/m/0kv5t	type	county of California
/m/02dlh2	type	type of musical instrument
/m/01g6bk	type	human
/m/0gz5hs	type	human
/m/03_wtr	type	human
/m/0pml7	type	equivalent territory
/m/0pml7	type	city or town
/m/0pml7	type	big city
/m/0pml7	type	territory outside RCM
/m/0pml7	type	village municipality of Quebec
/m/02_hj4	type	human
/m/0f40w	type	film
/m/024mpp	type	film
/m/01846t	type	human
/m/01wp8w7	type	human
/m/01vhb0	type	human
/m/01tp5bj	type	human
/m/01chpn	type	film
/m/01dg3s	type	town
/m/01dg3s	type	unparished area
/m/0mmpz	type	county of Washington
/m/02t_v1	type	human
/m/01yjl	type	baseball team
/m/037w7r	type	human
/m/0dzs0	type	borough of Pennsylvania
/m/0dzs0	type	county seat
/m/0b005	type	television series
/m/05xvj	type	baseball team
/m/02q7yfq	type	film
/m/073749	type	human
/m/01gvxv	type	human
/m/01j59b0	type	rock band
/m/0hh2s	type	music genre
/m/01k_yf	type	musical group
/m/0l38x	type	county of California
/m/09cr8	type	film
/m/02nt75	type	association football club
/m/01k1k4	type	film
/m/026hh0m	type	film
/m/0gr0m	type	Academy Awards
/m/0gr0m	type	award for best photography
/m/05511w	type	association football club
/m/02d4ct	type	human
/m/0f4m2z	type	film
/m/07vyf	type	public university
/m/07vyf	type	land-grant university
/m/07vyf	type	public educational institution of the United States
/m/07vyf	type	open-access publisher
/m/07c404	type	association football club
/m/03mh94	type	animated film
/m/04kn29	type	association football club
/m/04bdzg	type	human
/m/09zf_q	type	film
/m/0k4kk	type	film
/m/01fd26	type	city or town
/m/01fd26	type	equivalent territory
/m/01fd26	type	big city
/m/01fd26	type	territory outside RCM
/m/02m3sd	type	human
/m/03z9585	type	film
/m/01yk13	type	human
/m/0gj8nq2	type	film
/m/09r94m	type	film
/m/0drsm	type	county of New York
/m/0154fs	type	lower-tier municipality
/m/0154fs	type	city
/m/0154fs	type	big city
/m/01k_0fp	type	human
/m/018fq	type	human
/m/0dc7hc	type	film
/m/010rvx	type	city in the United States
/m/02mz_6	type	human
/m/09xb4h	type	association football club
/m/01qr1_	type	human
/m/02rb607	type	film
/m/060v34	type	film
/m/060v34	type	film remake
/m/025b3k	type	human
/m/016j68	type	human
/m/01bdxz	type	association football club
/m/01s7zw	type	human
/m/02vz6dn	type	film
/m/0n6bs	type	city in the United States
/m/02cgp8	type	mountain system
/m/01r7t9	type	human
/m/011xy1	type	collegiate university
/m/011xy1	type	nonprofit organization
/m/01w92	type	television station
/m/01w92	type	broadcaster
/m/01w92	type	television channel
/m/0gt14	type	film
/m/02tr7d	type	human
/m/01mqh5	type	human
/m/072zl1	type	film
/m/0152x_	type	specialty channel
/m/0152x_	type	news website
/m/0152x_	type	United States cable news
/m/01dy7j	type	human
/m/02fj8n	type	film
/m/02h98sm	type	city in the United States
/m/02h98sm	type	county seat
/m/02h98sm	type	second-class city
/m/03h3vtz	type	human
/m/0qyzb	type	city in the United States
/m/02d42t	type	human
/m/01t6xz	type	human
/m/016dp0	type	human
/m/0pj9t	type	human
/m/02nczh	type	film
/m/0n1s0	type	film
/m/01qx13	type	human
/m/0c3xw46	type	film
/m/08lg0g	type	association football club
/m/05cljf	type	human
/m/03fyrh	type	sports discipline
/m/03fyrh	type	Olympic sport
/m/017m2y	type	human
/m/0g56t9t	type	film
/m/0g56t9t	type	animated film
/m/0rql_	type	city in the United States
/m/0rql_	type	county seat
/m/0rql_	type	electoral unit
/m/0kzy0	type	human
/m/01wyz92	type	human
/m/05mrf_p	type	film
/m/0m2cb	type	county of Arizona
/m/0zgfm	type	city of Oregon
/m/0zgfm	type	county seat
/m/0l2sr	type	county of California
/m/0f0p0	type	human
/m/031296	type	human
/m/05glt	type	educational canon
/m/0f4vx	type	film
/m/0gjk1d	type	film
/m/029h7y	type	music genre
/m/011k11	type	record label
/m/013tjc	type	human
/m/07sqbl	type	association football club
/m/0s3pw	type	city in the United States
/m/0s3pw	type	township of Illinois
/m/02ph9tm	type	film
/m/018d6l	type	human
/m/0r02m	type	city in the United States
/m/013sg6	type	human
/m/047jhq	type	human
/m/01z_g6	type	human
/m/0p9lw	type	film
/m/0tr3p	type	city in the United States
/m/0tr3p	type	county seat
/m/01z9j2	type	town
/m/01z9j2	type	large burgh
/m/0t_gg	type	city in the United States
/m/05_6_y	type	human
/m/0gh8zks	type	film
/m/0c3jz	type	human
/m/01w40h	type	record label
/m/014gjp	type	television series
/m/0_nh2	type	city in the United States
/m/04kny3	type	association football club
/m/01ngxm	type	town
/m/01ngxm	type	unparished area
/m/080dwhx	type	television series
/m/02_cq0	type	association football club
/m/0gt_k	type	human
/m/04yj5z	type	human
/m/013423	type	human
/m/02cq61	type	academic degree
/m/02cq61	type	professional degree
/m/0k7tq	type	film
/m/019f4v	type	class of award
/m/019f4v	type	Golden Globe Awards
/m/0drrw	type	county of New York
/m/0c1sgd3	type	film
/m/0mlzk	type	county of Washington
/m/0ptxj	type	film
/m/012vf6	type	human
/m/0ml_m	type	county of Washington
/m/01wj17	type	city in British Columbia
/m/0j_sncb	type	public research university
/m/0j_sncb	type	land-grant university
/m/0j_sncb	type	public educational institution of the United States
/m/0j_sncb	type	open-access publisher
/m/0j_sncb	type	public university
/m/03_gz8	type	film
/m/06y611	type	film
/m/02vjp3	type	film
/m/019g8j	type	animated television series
/m/0gq_d	type	Academy Awards
/m/0gq_d	type	award for best short film by genre
/m/01xy5l_	type	profession
/m/042g97	type	film
/m/032016	type	film
/m/0f6zs	type	county of New York
/m/0l2p7	type	county of California
/m/0sqc8	type	city in the United States
/m/0sqc8	type	county seat
/m/0dl9_4	type	film
/m/0473q	type	human
/m/04mhl	type	human
/m/01jzyf	type	film
/m/0dlhg	type	county of New York
/m/01r216	type	human
/m/06czq	type	music genre
/m/0bcp9b	type	film
/m/018yj6	type	human
/m/0486tv	type	sports discipline
/m/0n1v8	type	county of Ohio
/m/0b_cr	type	city in the United States
/m/0b_cr	type	county seat
/m/0b_cr	type	charter city
/m/01rk91	type	position
/m/02qfhb	type	human
/m/021npv	type	human
/m/06fxnf	type	human
/m/0781g	type	music genre
/m/04h4c9	type	film
/m/024mxd	type	film
/m/0b0nq2	type	association football club
/m/03qnvdl	type	film
/m/04k4rt	type	ranked list
/m/02b10w	type	association football club
/m/06gst	type	business
/m/02qhm3	type	human
/m/07nt8p	type	film
/m/03bx2lk	type	film
/m/0gq_v	type	Academy Awards
/m/0gq_v	type	award for best production design
/m/02qsjt	type	human
/m/0mbql	type	film
/m/04wvhz	type	human
/m/02dztn	type	human
/m/0mmpm	type	county of Washington
/m/02pbzv	type	university
/m/02pbzv	type	open-access publisher
/m/0lpk3	type	city in the state of New York
/m/0lpk3	type	county seat
/m/015qsq	type	film
/m/04zwc	type	public university
/m/05bpg3	type	human
/m/07g7h2	type	human
/m/0g57wgv	type	film
/m/0dt_q_	type	association football club
/m/0dt_q_	type	men's association football team
/m/0dt_q_	type	women's association football team
/m/02lcqs	type	standard time zone in North America
/m/04m064	type	human
/m/012ky3	type	human
/m/04_cdd	type	association football club
/m/04_cdd	type	men's association football team
/m/095b70	type	human
/m/02py4c8	type	miniseries
/m/017vkx	type	human
/m/02hcv8	type	standard time zone in North America
/m/02jp5r	type	Academy Awards ceremony
/m/0dkv90	type	film
/m/0dkv90	type	film duology
/m/027kp3	type	private university
/m/027kp3	type	private not-for-profit educational institution
/m/0mx6c	type	county of Oregon
/m/01364q	type	human
/m/02vr3gz	type	film
/m/02l3_5	type	human
/m/0mnzd	type	independent city
/m/021y7yw	type	film
/m/0vhm	type	animated television series
/m/01csrl	type	human
/m/0432cd	type	human
/m/0378zn	type	human
/m/02sj1x	type	human
/m/011ycb	type	film
/m/079kr	type	musical group
/m/0q_xk	type	city in the United States
/m/0q_xk	type	charter city
/m/06cgf	type	film
/m/01l3mk3	type	human
/m/011yl_	type	film
/m/05gjfk	type	association football club
/m/041n43	type	record label
/m/019z7b	type	product category
/m/01lct6	type	human
/m/01ry0f	type	human
/m/01y68z	type	television network
/m/01y68z	type	radio network
/m/01y68z	type	public company
/m/0mw5x	type	county of Rhode Island
/m/02j9lm	type	human
/m/02g1jh	type	human
/m/0y3k9	type	city in the United States
/m/0y3k9	type	border city
/m/0y3k9	type	city in the state of New York
/m/01w56k	type	record label
/m/013q07	type	film
/m/01fjw0	type	human settlement
/m/01fjw0	type	town
/m/05jf85	type	film
/m/0pk41	type	human
/m/0k3hn	type	county of Massachusetts
/m/0n2sh	type	county of Ohio
/m/016kft	type	human
/m/02mxw0	type	human
/m/03n3gl	type	film
/m/0_jq4	type	city of Pennsylvania
/m/0_jq4	type	county seat
/m/0_jq4	type	optional charter municipality of Pennsylvania
/m/01g0jn	type	human
/m/07l50vn	type	film
/m/015np0	type	human
/m/0l8g0	type	musical group
/m/09nzn6	type	association football club
/m/0mkdm	type	county of Wisconsin
/m/0khth	type	musical group
/m/05_z42	type	television series
/m/05_z42	type	news program
/m/014kkm	type	film
/m/01qvtwm	type	human
/m/04hpck	type	human
/m/0418154	type	Golden Globe Award ceremony
/m/043z0	type	county of Michigan
/m/014_x2	type	film
/m/0mnrb	type	county of Virginia
/m/0dx8gj	type	film
/m/0k3kv	type	county of Massachusetts
/m/014l7h	type	profession
/m/014l7h	type	function
/m/05d9y_	type	public university
/m/05d9y_	type	research university
/m/05d9y_	type	open-access publisher
/m/05d9y_	type	architectural heritage monument
/m/02mc79	type	human
/m/0cf8qb	type	film
/m/04jwly	type	film
/m/0d8_wz	type	association football club
/m/0d8_wz	type	sports club
/m/098r1q	type	association football club
/m/08pth9	type	human
/m/02x2jl_	type	film
/m/01lxw6	type	New England town
/m/09p4w8	type	film
/m/01rcmg	type	human
/m/07mz77	type	human
/m/0582cf	type	human
/m/0mnk7	type	independent city
/m/047q2k1	type	film
/m/0_jws	type	city in the United States
/m/01w03jv	type	human
/m/05dtsb	type	human
/m/0xpp5	type	city in New Jersey
/m/0xpp5	type	county seat
/m/02pjvc	type	human
/m/0nz_b	type	county of Georgia
/m/02jxkw	type	human
/m/0n5c9	type	county of New Jersey
/m/0n59t	type	county of New Jersey
/m/069nzr	type	human
/m/0f5kw7	type	association football club
/m/02jxbw	type	film
/m/03_wm6	type	film
/m/02b1gz	type	association football club
/m/0n83s	type	film
/m/0gtvrv3	type	film
/m/03pmzt	type	human
/m/06kl78	type	film
/m/069ld1	type	human
/m/0n5by	type	county of New Jersey
/m/0142rn	type	corporate title
/m/0142rn	type	profession
/m/06r_by	type	human
/m/08h79x	type	human
/m/0n5_g	type	county of New Hampshire
/m/0k3jc	type	county of Massachusetts
/m/02jkkv	type	film
/m/0mkqr	type	county of Wisconsin
/m/059j1m	type	human
/m/015qqg	type	film
/m/0j_t1	type	film
/m/0bl06	type	film
/m/017180	type	film
/m/01b39j	type	company
/m/01b39j	type	supermarket chain
/m/01b39j	type	public company
/m/0n5jm	type	county of New Jersey
/m/03k3b	type	rock band
/m/03x8cz	type	record label
/m/07v64s	type	music genre
/m/01vsps	type	human
/m/0ds5_72	type	film
/m/01_k71	type	human
/m/04v68c	type	human
/m/09p3_s	type	film
/m/03d_zl4	type	human
/m/037hgm	type	human
/m/05kjc6	type	association football club
/m/03yk8z	type	human
/m/03f4w4	type	human
/m/02lf1j	type	human
/m/04svwx	type	anime television series
/m/0mw2m	type	county of South Carolina
/m/03gr7w	type	human
/m/07kb7vh	type	film
/m/0p3sf	type	human
/m/03_fk9	type	human
/m/04kr63w	type	human
/m/031c2r	type	human
/m/0n5gb	type	county of New Jersey
/m/0yx7h	type	film
/m/04255q	type	association football club
/m/02q56mk	type	film
/m/0b6yp2	type	human
/m/0t_hx	type	city in the United States
/m/02cnqk	type	war
/m/01my_c	type	human
/m/01hw6wq	type	human
/m/0yc7f	type	city in the United States
/m/0yc7f	type	city in the state of New York
/m/046f3p	type	film
/m/08bytj	type	television series
/m/03y9ccy	type	human
/m/028k2x	type	animated television series
/m/0cjsxp	type	human
/m/017f3m	type	television series
/m/04f2zj	type	occupation
/m/06151l	type	human
/m/0k_s5	type	combined statistical area
/m/0421st	type	human
/m/0gbfn9	type	film
/m/07z6xs	type	film
/m/0mwk9	type	county of Pennsylvania
/m/02m30v	type	human
/m/02pxst	type	film
/m/03bxp5	type	film
/m/0cwfgz	type	film
/m/0mwkp	type	county of Pennsylvania
/m/0mwkp	type	home rule county of Pennsylvania
/m/0487c3	type	human
/m/0cmc26r	type	film
/m/0mwyq	type	county of Pennsylvania
/m/031y07	type	human
/m/032j_n	type	film production company
/m/0557yqh	type	television series
/m/065mm1	type	human
/m/0fr5p	type	county of Maryland
/m/0mwxl	type	county of Pennsylvania
/m/020hyj	type	human
/m/028d4v	type	human
/m/024t0y	type	human
/m/02056s	type	association football club
/m/02hxhz	type	film
/m/088tp3	type	anime television series
/m/0jpn8	type	university
/m/0jpn8	type	private not-for-profit educational institution
/m/06vsbt	type	human
/m/0l5yl	type	human
/m/040p_q	type	specialty
/m/040p_q	type	academic major
/m/040p_q	type	academic discipline
/m/01xn6jr	type	association football club
/m/0gy4k	type	film
/m/037d35	type	human
/m/0bl3nn	type	film
/m/0192hw	type	film
/m/02yxh9	type	Academy Awards ceremony
/m/01vc5m	type	liberal arts college
/m/01vc5m	type	private not-for-profit educational institution
/m/0jbk9	type	housing ministry
/m/0jbk9	type	United States federal executive department
/m/0xynl	type	city in the United States
/m/0xynl	type	city in the state of New York
/m/01y8zd	type	public research university
/m/01y8zd	type	university in Ontario
/m/05q7874	type	film
/m/0mwxz	type	county of Pennsylvania
/m/03m3mgq	type	profession
/m/0l12d	type	human
/m/015rhv	type	human
/m/03fts	type	film
/m/05byxm	type	record label
/m/02sch9	type	ethnic group
/m/085ccd	type	film
/m/05hd32	type	anime television series
/m/0mwh1	type	county of Pennsylvania
/m/0mwh1	type	home rule county of Pennsylvania
/m/044gyq	type	human
/m/03bx0bm	type	occupation
/m/03bx0bm	type	role
/m/02bfxb	type	human
/m/03bggl	type	human
/m/01vmv_	type	public research university
/m/01vmv_	type	university
/m/03d29b	type	human
/m/0cc1v	type	county of Maryland
/m/01q7q2	type	public research university
/m/01q7q2	type	land-grant university
/m/01q7q2	type	public educational institution of the United States
/m/01q7q2	type	open-access publisher
/m/04l19_	type	human
/m/0ch3qr1	type	film
/m/0c1gj5	type	ice hockey team
/m/04969y	type	film
/m/031hxk	type	public university
/m/031hxk	type	open-access publisher
/m/031hxk	type	higher education institution
/m/02yy9r	type	film
/m/0347xl	type	human
/m/06dkzt	type	human
/m/01w20rx	type	human
/m/07tj4c	type	film
/m/019f9z	type	human
/m/02qhqz4	type	animated film
/m/0278x6s	type	human
/m/030_1_	type	animation studio
/m/030_1_	type	film production company
/m/030_1_	type	television production company
/m/02w86hz	type	film
/m/03xx3m	type	human
/m/01mr2g6	type	human
/m/04jpk2	type	film
/m/0fk0xk	type	Academy Awards ceremony
/m/01fh0q	type	human
/m/0bg539	type	human
/m/0yldt	type	college of the University of Oxford
/m/0yldt	type	university building
/m/0ds1glg	type	film
/m/02zk08	type	film
/m/09rx7tx	type	film
/m/0dll_t2	type	film
/m/017f4y	type	human
/m/0ktx_	type	film
/m/0kv9d3	type	film
/m/0c11mj	type	human
/m/013t9y	type	human
/m/0dthsy	type	Academy Awards ceremony
/m/02f8lw	type	human
/m/0t_71	type	city in the United States
/m/0c_dx	type	class of award
/m/0c_dx	type	literary award
/m/056rgc	type	human
/m/0xkq4	type	city in New Jersey
/m/02lfns	type	human
/m/0xl08	type	township of New Jersey
/m/0xl08	type	human settlement
/m/01t04r	type	record label
/m/01v42g	type	human
/m/02vy5j	type	human
/m/0425_d	type	association football club
/m/0b5ysl	type	association football club
/m/0bxxzb	type	film
/m/03c3jzx	type	military campaign
/m/03c3jzx	type	war
/m/02725hs	type	film
/m/01hvjx	type	film
/m/0gwgn1k	type	film
/m/03fnyk	type	human
/m/07j8kh	type	human
/m/027fwmt	type	film
/m/067mj	type	rock band
/m/067mj	type	jam band
/m/016ksk	type	human
/m/0k9wp	type	air force academy
/m/0k9wp	type	Separate Operating Agency
/m/0k9wp	type	Field Operating Agency
/m/0k9wp	type	public educational institution of the United States
/m/0k9wp	type	unincorporated community in the United States
/m/0k9wp	type	United States Service academies
/m/0k9wp	type	academic publisher
/m/0glnm	type	film adaptation
/m/0glnm	type	film
/m/03kcyd	type	human
/m/021b_	type	human
/m/01wgjj5	type	human
/m/05b_gq	type	film
/m/0gj50	type	television series
/m/0kvb6p	type	film
/m/0584r4	type	animated television series
/m/021pqy	type	film
/m/0342vg	type	human
/m/01dljr	type	city in the United States
/m/01dljr	type	city in the state of New York
/m/03q91d	type	human
/m/01h0kx	type	musical movement
/m/01h0kx	type	musical scene
/m/0gsrz4	type	time zone
/m/0kvgtf	type	film
/m/01tzm9	type	human
/m/02z9hqn	type	anime film
/m/03d9wk	type	human
/m/03f6fl0	type	human
/m/06b19	type	university in Ontario
/m/06b19	type	open-access publisher
/m/06b19	type	public research university
/m/0229rs	type	business
/m/0229rs	type	record company
/m/0229rs	type	subsidiary
/m/0d2by	type	ethnic group
/m/02kzfw	type	business school
/m/02kzfw	type	higher education institution
/m/02kzfw	type	educational organization
/m/0_565	type	city of Pennsylvania
/m/0_565	type	county seat
/m/0_565	type	optional charter municipality of Pennsylvania
/m/01r3hr	type	American football position
/m/07vfz	type	university
/m/07vfz	type	public educational institution of the United States
/m/0232lm	type	human
/m/0bzmt8	type	Academy Awards ceremony
/m/0m_31	type	human
/m/043tz0c	type	film
/m/028kj0	type	film
/m/05hmp6	type	Academy Awards ceremony
/m/03bwzr4	type	postgraduate degree
/m/03gyvwg	type	anime film
/m/02xnjd	type	human
/m/01hqk	type	film
/m/02ndy4	type	film
/m/05smlt	type	profession
/m/05smlt	type	corporate title
/m/05smlt	type	white-collar worker
/m/021_rm	type	human
/m/0p_tz	type	film
/m/0bzlrh	type	Academy Awards ceremony
/m/0crfwmx	type	animated film
/m/0m123	type	television series
/m/0sngf	type	city in the United States
/m/0sngf	type	county seat
/m/0ttxp	type	census-designated place in the United States
/m/015mlw	type	record label
/m/02chhq	type	film
/m/04y5j64	type	film
/m/033tf_	type	ethnic community
/m/017yfz	type	human
/m/0fvd03	type	public university
/m/0fvd03	type	new university
/m/0fvd03	type	higher education institution
/m/0fvd03	type	publishing company
/m/0fvd03	type	open-access publisher
/m/0fvd03	type	university
/m/0fvd03	type	educational organization
/m/012wg	type	human
/m/02sjf5	type	human
/m/03cfkrw	type	film
/m/02j8nx	type	human
/m/01jv1z	type	record label
/m/01j53q	type	cable channel
/m/0m4yg	type	college of music
/m/0m4yg	type	drama school
/m/0m4yg	type	university
/m/0m4yg	type	higher education institution
/m/0m4yg	type	educational organization
/m/0m4yg	type	music school
/m/01bjbk	type	film
/m/026zlh9	type	film
/m/045931	type	human
/m/01s73z	type	business
/m/01s73z	type	enterprise
/m/01s73z	type	public company
/m/01s73z	type	telecommunication company
/m/01m5m5b	type	human
/m/0dd6bf	type	anime film
/m/0bqsk5	type	science award
/m/0bqsk5	type	scholarship
/m/0bqsk5	type	fellowship
/m/0fzrhn	type	Academy Awards ceremony
/m/01r_t_	type	human
/m/01lxd4	type	music genre
/m/061fhg	type	music genre
/m/02vp1f_	type	film
/m/03pp73	type	human
/m/08b0cj	type	human
/m/0vm5t	type	city in the United States
/m/03h4fq7	type	film
/m/06cc_1	type	human
/m/0gh6j94	type	film
/m/0gmblvq	type	television film
/m/01nr63	type	human
/m/05cgy8	type	human
/m/02mj7c	type	university
/m/02mj7c	type	private not-for-profit educational institution
/m/0jz71	type	film
/m/0353xq	type	film
/m/0fr63l	type	film
/m/04btyz	type	film genre
/m/0863x_	type	human
/m/0854hr	type	human
/m/03sxd2	type	film
/m/01qz69r	type	human
/m/019vsw	type	public school
/m/019vsw	type	boarding school
/m/019vsw	type	independent school
/m/019vsw	type	boys' school
/m/0hv81	type	film
/m/04cv9m	type	film
/m/02rsz0	type	human
/m/0cks1m	type	film
/m/01z0rcq	type	human
/m/01k70_	type	human
/m/07w5rq	type	public university
/m/01x4r3	type	human
/m/06zn2v2	type	film
/m/01z9_x	type	human
/m/02qvzf	type	ice hockey position
/m/05k2s_	type	human
/m/03p2m1	type	public university
/m/03p2m1	type	open-access publisher
/m/05dss7	type	film
/m/07wm6	type	university in Manitoba
/m/07wm6	type	public research university
/m/04lqvlr	type	film
/m/0h1fktn	type	film
/m/01b9w3	type	television series
/m/03xx9l	type	human
/m/02nfhx	type	human
/m/0265vt	type	literary award
/m/0265vt	type	Nebula Award
/m/05cj4r	type	human
/m/016zgj	type	music genre
/m/023wyl	type	American football position
/m/091rc5	type	film
/m/0gfw56	type	association football club
/m/0677j	type	college of the University of Cambridge
/m/0677j	type	university building
/m/03hfmm	type	film
/m/02ps55	type	public university
/m/02ps55	type	higher education institution
/m/02ps55	type	educational organization
/m/04yg13l	type	film
/m/05ft32	type	film
/m/01zc2w	type	academic discipline
/m/01zc2w	type	academic major
/m/01zc2w	type	particular linguistics
/m/05pxnmb	type	film
/m/02_1rq	type	television series
/m/01rnly	type	film
/m/01q415	type	human
/m/01wz01	type	human
/m/01l79yc	type	human
/m/06nv27	type	rock band
/m/046m59	type	human
/m/04lc0h	type	administrative territorial entity of New Zealand
/m/028hc2	type	human
/m/01pbwwl	type	human
/m/0974y	type	business
/m/0f11p	type	college of the University of Oxford
/m/0f11p	type	university building
/m/02qsqmq	type	film
/m/01hl_w	type	public university
/m/01hl_w	type	open-access publisher
/m/01hl_w	type	university
/m/01ky7c	type	university
/m/01ky7c	type	land-grant university
/m/01ky7c	type	public educational institution of the United States
/m/06jrhz	type	human
/m/01pg1d	type	human
/m/0xqf3	type	borough of New Jersey
/m/02gr81	type	university
/m/02gr81	type	public educational institution of the United States
/m/027bs_2	type	human
/m/01g4yw	type	university
/m/01g4yw	type	educational organization
/m/05v_8y	type	structural class of chemical entities
/m/0fm3b5	type	award for best film
/m/0fm3b5	type	Goya Awards
/m/041sbd	type	architecture school
/m/026m3y	type	public research university
/m/026m3y	type	constituent college
/m/026m3y	type	higher education institution
/m/026m3y	type	educational organization
/m/02gnh0	type	university
/m/02gnh0	type	public educational institution of the United States
/m/01z3d2	type	non-metropolitan district
/m/01z3d2	type	borough in the United Kingdom
/m/03f02ct	type	human
/m/01f_mw	type	film production company
/m/01w1ywm	type	human
/m/0dqzkv	type	human
/m/0177sq	type	public research university
/m/0177sq	type	public educational institution of the United States
/m/014pg1	type	musical group
/m/01ksz9	type	record label
/m/04xhwn	type	human
/m/0m_v0	type	human
/m/01wdqrx	type	human
/m/02hwww	type	university
/m/014kbl	type	profession
/m/014kbl	type	theatrical occupation
/m/01vg13	type	college
/m/01vg13	type	public educational institution of the United States
/m/03s2y9	type	human
/m/058kh7	type	film
/m/0438f	type	public university
/m/0438f	type	public educational institution of the United States
/m/04b5l3	type	baseball team
/m/06nz46	type	human
/m/02lfp4	type	human
/m/07xl34	type	historical profession
/m/07xl34	type	university head
/m/07xl34	type	job title
/m/08j7lh	type	film
/m/02278y	type	music genre
/m/01xysf	type	public university
/m/01xysf	type	research university
/m/01xysf	type	land-grant university
/m/01xysf	type	public educational institution of the United States
/m/03l78j	type	university
/m/03l78j	type	public educational institution of the United States
/m/01_9c1	type	American football position
/m/0bbm7r	type	miniseries
/m/0bbm7r	type	television film
/m/05xpms	type	human
/m/0286vp	type	film
/m/07wlt	type	university in British Columbia
/m/07wlt	type	open-access publisher
/m/07wlt	type	collection
/m/03yhgp	type	association football club
/m/08htt0	type	college
/m/08htt0	type	design school
/m/092c5f	type	award ceremony
/m/07zhd7	type	human
/m/0373qg	type	university college
/m/0373qg	type	open-access publisher
/m/0373qg	type	nonprofit organization
/m/0373qg	type	public university
/m/0jsg0m	type	human
/m/03gvpk	type	human
/m/05pt0l	type	film
/m/0499lc	type	human
/m/07lwsz	type	human
/m/0j2pg	type	association football club
/m/0j2pg	type	professional sports team
/m/03j0dp	type	film genre
/m/04mwxk3	type	film production company
/m/0fm3h2	type	award for best leading actor
/m/0fm3h2	type	Goya Awards
/m/06l6nj	type	human
/m/04jlgp	type	human
/m/01dzq6	type	town
/m/01dzq6	type	area of London
/m/02x8s9	type	human
/m/02txdf	type	public research university
/m/02txdf	type	public educational institution of the United States
/m/02zdwq	type	service type
/m/0fms83	type	film award category
/m/0fms83	type	award for best direction
/m/0fms83	type	Goya Awards
/m/02qggqc	type	human
/m/07qy0b	type	human
/m/01314k	type	university
/m/01314k	type	higher education institution
/m/01314k	type	educational organization
/m/0kfpm	type	television series
/m/0674l0	type	business
/m/0674l0	type	enterprise
/m/03n69x	type	human
/m/07f8wg	type	human
/m/02g3gw	type	award for best screenplay
/m/05397h	type	television series
/m/05ccxr	type	human
/m/03p5xs	type	theatrical genre
/m/02r0st6	type	human
/m/0262yt	type	literary award
/m/03_8kz	type	television series
/m/03lv4x	type	film
/m/0cqnss	type	film
/m/01cjhz	type	television series
/m/0cjyzs	type	class of award
/m/09rwjly	type	film festival edition
/m/04045y	type	501(c)(3) organization
/m/04045y	type	organization
/m/04045y	type	hall of fame
/m/034487	type	music genre
/m/02_5x9	type	musical group
/m/01q8wk7	type	human
/m/03qbnj	type	Grammy Awards
/m/03qbnj	type	class of award
/m/02rlj20	type	television film
/m/039fgy	type	television series
/m/03mszl	type	human
/m/0bhtzw	type	human
/m/09gkdln	type	award ceremony
/m/02xc1w4	type	human
/m/0b_6yv	type	music genre
/m/051wf	type	baseball team
/m/03np_7	type	public research university
/m/03np_7	type	public educational institution of the United States
/m/0d1mp3	type	human
/m/0fq27fp	type	film
/m/01kws3	type	human
/m/06929s	type	film
/m/02lbrd	type	musical group
/m/069_0y	type	human
/m/01t0dy	type	university
/m/01t0dy	type	public educational institution of the United States
/m/07s6tbm	type	human
/m/03t5kl	type	class of award
/m/03t5kl	type	Grammy Awards
/m/043hg	type	human
/m/05xb7q	type	public university
/m/05xb7q	type	research university
/m/09kr66	type	ethnic group by residency
/m/01k8q5	type	college of the University of Cambridge
/m/01k8q5	type	university building
/m/04czx7	type	ethnic group
/m/04czx7	type	human migration
/m/02qvgy	type	ice hockey position
/m/0gv07g	type	human
/m/02ht1k	type	film
/m/016wyn	type	university
/m/016wyn	type	private not-for-profit educational institution
/m/02rf51g	type	human
/m/0163m1	type	musical group
/m/099c8n	type	class of award
/m/099c8n	type	award for best film
/m/099c8n	type	Critics' Choice Movie Award
/m/0208wk	type	literary award
/m/0208wk	type	World Fantasy Awards
/m/07_q87	type	association football club
/m/08wq0g	type	human
/m/011lpr	type	human
/m/0bdwqv	type	class of award
/m/0bdwqv	type	Primetime Emmy Award
/m/0bjkpt	type	human
/m/0bm70b	type	theatre award
/m/0bm70b	type	class of award
/m/027r7k	type	film
/m/03fcbb	type	military university
/m/03fcbb	type	staff college
/m/03fcbb	type	public educational institution of the United States
/m/03fcbb	type	university campus
/m/03fcbb	type	open-access publisher
/m/02v0ff	type	human
/m/02hsq3m	type	film award category
/m/02hsq3m	type	award for best visual effects
/m/02hsq3m	type	British Academy Film Awards
/m/06jnvs	type	human
/m/03m6t5	type	human
/m/067x44	type	human
/m/056878	type	award ceremony
/m/01yznp	type	human
/m/01m15br	type	human
/m/04dbw3	type	national minority
/m/04dbw3	type	ethnic group
/m/0bt7ws	type	human
/m/06j8q_	type	human
/m/03ctqqf	type	television series
/m/02p0szs	type	fiction genre
/m/06rrzn	type	human
/m/08y2fn	type	television series
/m/05f0r8	type	human
/m/015zyd	type	art academy
/m/015zyd	type	film school
/m/015zyd	type	private not-for-profit educational institution
/m/015zyd	type	private university
/m/09m465	type	human
/m/06hzsx	type	human
/m/016890	type	musical group
/m/02bg8v	type	miniseries
/m/0207wx	type	human
/m/027z0pl	type	human
/m/05x2t7	type	human
/m/02x4w6g	type	film award category
/m/02x4w6g	type	Independent Spirit Awards
/m/02x4w6g	type	award for best leading actor
/m/02p_ycc	type	human
/m/0bx6zs	type	Primetime Emmy Award annual ceremony
/m/02h30z	type	private university
/m/02h30z	type	private not-for-profit educational institution
/m/02h30z	type	Christian school
/m/025y9fn	type	human
/m/02xb2bt	type	human
/m/03y5ky	type	private university
/m/03y5ky	type	private not-for-profit educational institution
/m/03y5ky	type	open-access publisher
/m/0d_wms	type	director's cut
/m/079kdz	type	human
/m/02bhj4	type	university
/m/02bhj4	type	private not-for-profit educational institution
/m/0dtw1x	type	film
/m/0gj4fx	type	United States congressional district
/m/056252	type	record label
/m/07hgkd	type	human
/m/02z1nbg	type	award for best leading actress
/m/02z1nbg	type	National Board of Review Awards
/m/03fmfs	type	university
/m/03fmfs	type	historically black colleges and universities
/m/03fmfs	type	public educational institution of the United States
/m/09cdxn	type	human
/m/0cnl1c	type	human
/m/05zvj3m	type	class of award
/m/05zvj3m	type	MTV Movie & TV Awards
/m/02b1hb	type	association football club
/m/06w38l	type	human
/m/02r6nbc	type	literary award
/m/01k5t_3	type	human
/m/0776drd	type	Japan Academy Film Prize
/m/01grpq	type	legislative term
/m/0c6g29	type	human
/m/03mkk4	type	academic degree
/m/01c9jp	type	class of award
/m/07s95_l	type	human
/m/02j3d4	type	human
/m/0172jm	type	liberal arts college in the United States
/m/0172jm	type	private not-for-profit educational institution
/m/01l03w2	type	human
/m/0fp_xp	type	human
/m/076psv	type	human
/m/01ck6v	type	class of award
/m/01ck6v	type	Grammy Awards
/m/076lxv	type	human
/m/04jhhng	type	award
/m/07d370	type	human
/m/0ds460j	type	Tony Awards ceremony
/m/09b0xs	type	human
/m/06czxq	type	human
/m/05mrx8	type	literary genre
/m/0d500h	type	human
/m/051x52f	type	human
/m/0gkydb	type	human
/m/03hpkp	type	university
/m/03hpkp	type	private not-for-profit educational institution
/m/099ck7	type	class of award
/m/099ck7	type	award for best leading actor
/m/099ck7	type	Critics' Choice Movie Award
/m/021yc7p	type	human
/m/0dsb_yy	type	human
/m/026gb3v	type	human
/m/02vkdwz	type	American football position
/m/02x1z2s	type	class of award
/m/02x1z2s	type	Satellite Awards
/m/0cb77r	type	human
/m/03k0yw	type	human
/m/02rhfsc	type	human
/m/03rzvv	type	fantasy genre
/m/03y8cbv	type	film award category
/m/03y8cbv	type	Independent Spirit Awards
/m/0gy3w	type	university
/m/0gy3w	type	public educational institution of the United States
/m/02vxyl5	type	human
/m/0b_72t	type	season
/m/028bs1p	type	human
/m/01lj_c	type	theatre award
/m/01lj_c	type	class of award
/m/02yr1q	type	private university
/m/02yr1q	type	private not-for-profit educational institution
/m/0bczgm	type	human
/m/0d9v9q	type	human
/m/0c0tzp	type	human
/m/0gg9_5q	type	human
/m/01gtcq	type	legislative term
/m/03c7ln	type	human
/m/09ld6g	type	human
/m/023p18	type	educational institution
/m/054nbl	type	music genre
/m/02xj3rw	type	film award category
/m/02xj3rw	type	Independent Spirit Awards
/m/02pz3j5	type	class of award
/m/02pz3j5	type	award for best leading actress
/m/057bc6m	type	human
/m/01wxdn3	type	human
/m/033smt	type	profession
/m/033smt	type	position
/m/0cm89v	type	human
/m/02x1dht	type	award for best original screenplay
/m/02x1dht	type	Satellite Awards
/m/02x1dht	type	film award category
/m/0284gcb	type	human
/m/09v51c2	type	award for best film
/m/09v51c2	type	Hong Kong Film Awards
/m/06rkfs	type	architectural structure
/m/06rkfs	type	liberal arts college in the United States
/m/06rkfs	type	private not-for-profit educational institution
/m/03gdf1	type	liberal arts college
/m/04h6m	type	music genre
/m/04h6m	type	musical scene
/m/017d77	type	liberal arts college
/m/017d77	type	Colleges That Change Lives
/m/017d77	type	private not-for-profit educational institution
/m/03p7gb	type	school of education
/m/03p7gb	type	private not-for-profit educational institution
/m/03p7gb	type	open-access publisher
/m/0283xx2	type	film production company
/m/0283xx2	type	television production company
/m/01gssz	type	legislative term
/m/02vkvcz	type	human
/m/02681_5	type	class of award
/m/01gst_	type	legislative term
/m/03h_f4	type	term of the Canadian federal parliament
/m/0cfywh	type	human
/m/04ch23	type	human
/m/0b7l1f	type	human
/m/06jvj7	type	human
/m/058z1hb	type	human
/m/027b9ly	type	film award category
/m/035tlh	type	fraternity
/m/02581c	type	class of award
/m/02581c	type	Grammy Awards
/m/02581c	type	class of music award
/m/047dpm0	type	season
/m/02kx91	type	broadcaster
/m/084x96	type	human
/m/02bp37	type	legislative term
/m/02cm2m	type	human
/m/0grmhb	type	human
/m/01wyq0w	type	human
/m/092j54	type	National Football League draft
/m/0b_71r	type	season
/m/019v9k	type	undergraduate degree
/m/019v9k	type	academic title
/m/024fz9	type	class of music award
/m/02x73k6	type	class of award
/m/02x73k6	type	award for best supporting actor
/m/02x73k6	type	National Society of Film Critics Award
/m/065r8g	type	art academy
/m/065r8g	type	private not-for-profit educational institution
/m/065r8g	type	college
/m/0b_6mr	type	season
/m/0b57p6	type	human
/m/02vq8xn	type	human
/m/046rfv	type	human
/m/0dgshf6	type	Hundred Flowers Awards
/m/0dgshf6	type	class of award
/m/0dgshf6	type	award for best leading actress
/m/06jw0s	type	human
/m/08pc1x	type	award ceremony
/m/09v0p2c	type	award ceremony
/m/03qmx_f	type	human
/m/02w9sd7	type	film award category
/m/02w9sd7	type	award for best leading actor
/m/02w9sd7	type	National Society of Film Critics Award
